{"type":"FeatureCollection","features":[{"type":"Feature","properties":{"district":"Bagalkote","center":[16.2012,75.6371]},"geometry":{"type":"MultiPolygon","coordinates":[[[[75.4297,16.7649],[75.4409,16.7577],[75.4496,16.7534],[75.466,16.7533],[75.48,16.7453],[75.4941,16.7432],[75.4941,16.7265],[75.4949,16.7049],[75.4862,16.6914],[75.4526,16.6962],[75.4412,16.695],[75.4439,16.6836],[75.4476,16.6615],[75.4585,16.6484],[75.4627,16.6307],[75.4635,16.6195],[75.4789,16.6085],[75.4919,16.5978],[75.4941,16.5836],[75.4871,16.576],[75.4809,16.5637],[75.4857,16.5553],[75.4904,16.5471],[75.49,16.5332],[75.4927,16.5236],[75.4868,16.5169],[75.4778,16.5065],[75.4581,16.5035],[75.4638,16.4732],[75.4532,16.4533],[75.4413,16.4411],[75.4366,16.4267],[75.4519,16.4111],[75.4687,16.4146],[75.4797,16.413],[75.495,16.4173],[75.5009,16.4249],[75.4995,16.4401],[75.5233,16.4592],[75.5379,16.4624],[75.5544,16.4538],[75.5534,16.4407],[75.557,16.4289],[75.5635,16.4116],[75.5731,16.4074],[75.5814,16.4179],[75.5868,16.4272],[75.5935,16.4355],[75.6059,16.4425],[75.6196,16.4429],[75.6446,16.4378],[75.6535,16.4315],[75.6765,16.4188],[75.689,16.4115],[75.7095,16.3985],[75.7174,16.3919],[75.7348,16.3858],[75.747,16.3845],[75.7829,16.3774],[75.7947,16.3684],[75.807,16.3661],[75.8176,16.3621],[75.8263,16.357],[75.8386,16.3484],[75.8523,16.344],[75.8662,16.3436],[75.8858,16.3285],[75.9072,16.3184],[75.9174,16.316],[75.9345,16.311],[75.9494,16.3005],[75.9591,16.2948],[75.9801,16.2966],[75.994,16.2956],[76.0127,16.299],[76.0279,16.2956],[76.0342,16.2846],[76.0494,16.2721],[76.0632,16.2612],[76.0685,16.2444],[76.0609,16.2275],[76.0593,16.2165],[76.0632,16.2071],[76.0783,16.2011],[76.1089,16.1896],[76.1198,16.1868],[76.1407,16.1774],[76.1538,16.18],[76.1691,16.1808],[76.1922,16.1743],[76.2399,16.1622],[76.2343,16.127],[76.2463,16.1231],[76.2449,16.108],[76.2541,16.0946],[76.2666,16.0988],[76.2901,16.1012],[76.3332,16.087],[76.3282,16.073],[76.3105,16.0788],[76.2986,16.0804],[76.26,16.0857],[76.2597,16.07],[76.2821,16.0705],[76.3016,16.0693],[76.3064,16.0614],[76.3036,16.0427],[76.3051,16.0211],[76.3111,16.0114],[76.3118,15.9972],[76.296,15.9935],[76.2993,15.9752],[76.3104,15.9509],[76.3266,15.9274],[76.3113,15.9231],[76.3011,15.9186],[76.2843,15.9222],[76.2832,15.9078],[76.2755,15.8992],[76.2601,15.9011],[76.2557,15.9098],[76.2303,15.9173],[76.2272,15.9359],[76.2018,15.9375],[76.1968,15.9304],[76.1727,15.9253],[76.1636,15.9151],[76.1551,15.9081],[76.1453,15.8894],[76.1283,15.8878],[76.1171,15.8816],[76.1053,15.8873],[76.077,15.8963],[76.0594,15.9015],[76.0645,15.9114],[76.0692,15.9289],[76.0728,15.9486],[76.0757,15.9647],[76.0809,15.9782],[76.0854,15.9892],[76.0815,16.0053],[76.0578,16.0067],[76.0522,15.999],[76.0369,16.0015],[76.0219,16.0046],[76.0146,15.999],[75.9996,15.9999],[75.9877,15.9916],[75.9798,15.9874],[75.9753,15.9787],[75.9766,15.9575],[75.9758,15.9452],[75.9767,15.9339],[75.9748,15.9175],[75.9773,15.8957],[75.9792,15.8735],[75.975,15.8605],[75.9652,15.8551],[75.9446,15.8619],[75.9411,15.8708],[75.9292,15.8713],[75.9249,15.8845],[75.9193,15.9032],[75.9111,15.9124],[75.9032,15.9196],[75.8922,15.9154],[75.8804,15.9264],[75.8685,15.9302],[75.8549,15.932],[75.8441,15.9278],[75.8352,15.9215],[75.8209,15.9229],[75.8106,15.9211],[75.7881,15.9189],[75.7774,15.9144],[75.7792,15.9031],[75.7724,15.8978],[75.7908,15.8939],[75.804,15.8923],[75.8247,15.8977],[75.8284,15.8883],[75.834,15.8806],[75.8287,15.8668],[75.8375,15.8609],[75.8455,15.8668],[75.8502,15.8578],[75.8469,15.842],[75.8328,15.8361],[75.8184,15.8435],[75.8082,15.8473],[75.7976,15.8441],[75.7846,15.8458],[75.7744,15.8246],[75.78,15.8144],[75.7459,15.8105],[75.734,15.814],[75.7162,15.8218],[75.7019,15.8233],[75.6871,15.8269],[75.6772,15.8206],[75.6745,15.8321],[75.6641,15.8337],[75.6578,15.8243],[75.6493,15.828],[75.6461,15.8381],[75.6376,15.8305],[75.6214,15.8324],[75.6215,15.8193],[75.6012,15.8247],[75.5886,15.8308],[75.5816,15.825],[75.5712,15.8283],[75.5598,15.8246],[75.5483,15.8318],[75.5318,15.8324],[75.5231,15.8391],[75.5161,15.8465],[75.5243,15.8523],[75.5113,15.8557],[75.502,15.867],[75.489,15.8744],[75.4779,15.8698],[75.47,15.8769],[75.4624,15.8842],[75.4471,15.8857],[75.4405,15.8912],[75.443,15.9154],[75.4273,15.9185],[75.4318,15.9296],[75.4329,15.9413],[75.4415,15.9566],[75.4364,15.9675],[75.4395,15.9834],[75.4414,15.9978],[75.4354,16.004],[75.4258,16.0205],[75.4186,16.0303],[75.4177,16.0427],[75.4208,16.0516],[75.4297,16.0554],[75.4323,16.0783],[75.4294,16.0897],[75.4221,16.0976],[75.4175,16.1064],[75.4129,16.1275],[75.4068,16.1155],[75.3957,16.11],[75.3819,16.111],[75.3594,16.1114],[75.3552,16.1245],[75.3422,16.1198],[75.3308,16.1128],[75.3109,16.1121],[75.292,16.1154],[75.2783,16.1158],[75.2829,16.1295],[75.2876,16.1454],[75.2935,16.1673],[75.2871,16.1735],[75.2896,16.1835],[75.2891,16.1984],[75.2765,16.2026],[75.2615,16.2057],[75.2469,16.2039],[75.2346,16.208],[75.2317,16.222],[75.2317,16.2351],[75.2383,16.2468],[75.2345,16.2574],[75.2192,16.2661],[75.2015,16.2718],[75.1828,16.2736],[75.1724,16.2753],[75.1497,16.2809],[75.1296,16.2857],[75.1329,16.3016],[75.1392,16.3204],[75.1296,16.3268],[75.1162,16.3225],[75.1047,16.3211],[75.0916,16.3223],[75.0744,16.3284],[75.0629,16.3255],[75.0508,16.3204],[75.0371,16.3352],[75.0351,16.3637],[75.036,16.3771],[75.0414,16.3912],[75.0524,16.3959],[75.0737,16.3998],[75.0777,16.4085],[75.08,16.4204],[75.0807,16.4338],[75.0469,16.4335],[75.0314,16.4302],[75.0219,16.4371],[75.0203,16.4546],[75.0088,16.4559],[75.0004,16.4636],[74.9984,16.4798],[74.9966,16.506],[75.0005,16.5194],[75.0103,16.5322],[75.0297,16.537],[75.0459,16.5362],[75.0689,16.5383],[75.0737,16.566],[75.086,16.5596],[75.0935,16.5441],[75.1049,16.5238],[75.1115,16.5071],[75.1271,16.5071],[75.135,16.5184],[75.1548,16.5255],[75.165,16.5326],[75.1682,16.5415],[75.1626,16.5611],[75.1608,16.5834],[75.1657,16.5928],[75.1728,16.5993],[75.1964,16.6079],[75.2095,16.6121],[75.2316,16.6149],[75.2473,16.6066],[75.2587,16.6028],[75.2601,16.6151],[75.268,16.6254],[75.2663,16.6765],[75.2715,16.691],[75.2909,16.7098],[75.3074,16.7131],[75.32,16.7136],[75.3311,16.7122],[75.3564,16.7115],[75.3673,16.7198],[75.3699,16.7563],[75.39,16.7601],[75.4221,16.7656],[75.4297,16.7649]]]]}},{"type":"Feature","properties":{"district":"Ballari","center":[15.0915,76.4928]},"geometry":{"type":"MultiPolygon","coordinates":[[[[77.0282,15.8256],[77.0415,15.8217],[77.0523,15.8243],[77.0639,15.8232],[77.0615,15.7979],[77.0625,15.7784],[77.0537,15.7636],[77.0517,15.7501],[77.0432,15.7345],[77.0471,15.725],[77.063,15.7237],[77.0763,15.7214],[77.0844,15.709],[77.0816,15.6953],[77.1008,15.6789],[77.1105,15.6713],[77.1191,15.6621],[77.1209,15.6372],[77.1162,15.6251],[77.1039,15.6339],[77.0959,15.6441],[77.0814,15.6528],[77.0689,15.6409],[77.036,15.6324],[77.0284,15.6068],[77.0244,15.5844],[77.0289,15.5251],[77.0287,15.5086],[77.0054,15.5028],[76.996,15.4997],[76.9817,15.5048],[76.9701,15.495],[76.9761,15.482],[76.989,15.4732],[76.996,15.4675],[77.002,15.4554],[77.0153,15.4411],[77.0274,15.4352],[77.031,15.4183],[77.0269,15.4078],[77.0333,15.3963],[77.041,15.3915],[77.0423,15.3748],[77.038,15.3588],[77.0578,15.3432],[77.0631,15.3281],[77.0691,15.3195],[77.0993,15.3266],[77.1102,15.3207],[77.1154,15.2899],[77.1388,15.2855],[77.1487,15.2779],[77.1449,15.2693],[77.1577,15.2604],[77.1653,15.251],[77.1467,15.2503],[77.1327,15.2346],[77.1209,15.2212],[77.1414,15.2181],[77.1471,15.2088],[77.1558,15.1943],[77.1615,15.1822],[77.1645,15.1685],[77.1588,15.1579],[77.1531,15.1488],[77.137,15.1493],[77.1354,15.136],[77.1528,15.1316],[77.154,15.1205],[77.1477,15.1073],[77.1394,15.0999],[77.1276,15.0936],[77.1255,15.0682],[77.1209,15.0551],[77.1161,15.0401],[77.1096,15.0286],[77.0908,15.0277],[77.0821,15.0223],[77.0805,15.0079],[77.0686,15.0011],[77.0509,15.0043],[77.0464,15.016],[77.0469,15.0292],[77.023,15.0277],[77.0093,15.0296],[76.9986,15.0271],[76.9835,15.0204],[76.9668,15.0132],[76.9507,15.0244],[76.9317,15.0263],[76.9194,15.0285],[76.9054,15.0293],[76.8887,15.0318],[76.8767,15.0287],[76.8698,15.044],[76.8606,15.0567],[76.8432,15.0662],[76.8374,15.0725],[76.8213,15.0749],[76.8119,15.0802],[76.7969,15.0908],[76.7876,15.0804],[76.7786,15.0716],[76.7726,15.0651],[76.7711,15.0541],[76.775,15.044],[76.7808,15.0342],[76.7846,15.0167],[76.7797,15.0059],[76.7695,15.0006],[76.7662,14.9908],[76.7592,14.9851],[76.7381,14.9825],[76.7256,14.9953],[76.7276,15.0091],[76.7336,15.0191],[76.7303,15.028],[76.7171,15.0301],[76.7045,15.0281],[76.7016,15.0139],[76.6874,15.014],[76.679,15.0197],[76.6696,15.0141],[76.6747,15.0015],[76.6825,14.9802],[76.6887,14.9733],[76.7093,14.9699],[76.715,14.9589],[76.7117,14.9378],[76.7038,14.9327],[76.6959,14.9242],[76.6756,14.9344],[76.658,14.9368],[76.6598,14.9182],[76.6745,14.9062],[76.6751,14.892],[76.6789,14.8832],[76.6945,14.8839],[76.7054,14.8675],[76.7105,14.8571],[76.7118,14.8415],[76.7154,14.8282],[76.7347,14.8213],[76.7374,14.812],[76.7117,14.8108],[76.6985,14.8107],[76.6891,14.8066],[76.6809,14.8014],[76.6715,14.7888],[76.6637,14.7734],[76.658,14.7651],[76.653,14.7557],[76.6486,14.7398],[76.6472,14.7279],[76.6454,14.7132],[76.6376,14.7061],[76.6316,14.6983],[76.6219,14.6949],[76.6082,14.6815],[76.6091,14.669],[76.5978,14.6649],[76.5957,14.6522],[76.6071,14.6464],[76.5985,14.6289],[76.5966,14.6165],[76.582,14.6101],[76.5745,14.603],[76.5674,14.5881],[76.5498,14.5756],[76.5413,14.5652],[76.5257,14.5584],[76.5079,14.5563],[76.4978,14.5621],[76.4498,14.5719],[76.4219,14.5764],[76.4284,14.5972],[76.4306,14.6085],[76.4238,14.618],[76.4121,14.6189],[76.4003,14.6214],[76.39,14.6376],[76.3825,14.6438],[76.3735,14.6501],[76.3622,14.6611],[76.3487,14.661],[76.3387,14.6701],[76.3362,14.6813],[76.3272,14.6852],[76.3151,14.6875],[76.3029,14.6857],[76.2898,14.6825],[76.2755,14.6821],[76.27,14.6913],[76.2588,14.6922],[76.2472,14.6893],[76.24,14.675],[76.2333,14.6541],[76.229,14.6442],[76.2194,14.6532],[76.2028,14.6733],[76.1929,14.6768],[76.1908,14.6927],[76.1861,14.7144],[76.1939,14.7204],[76.2009,14.7303],[76.2005,14.7461],[76.1925,14.7615],[76.1798,14.7618],[76.1729,14.7757],[76.152,14.7811],[76.144,14.7987],[76.1472,14.8171],[76.1573,14.8256],[76.1758,14.818],[76.1943,14.8153],[76.1905,14.8309],[76.1886,14.8425],[76.1602,14.8428],[76.1547,14.8559],[76.1302,14.8568],[76.1258,14.8653],[76.107,14.8648],[76.073,14.8641],[76.0683,14.8722],[76.0789,14.8955],[76.0743,14.9058],[76.0631,14.9072],[76.054,14.9123],[76.0474,14.9244],[76.0299,14.915],[76.0212,14.9056],[76.0115,14.8947],[76.0057,14.9011],[75.9988,14.8958],[75.9881,14.9009],[75.9769,14.8945],[75.9707,14.9031],[75.9604,14.8985],[75.9408,14.896],[75.9316,14.8895],[75.9158,14.8844],[75.8996,14.8784],[75.8883,14.8692],[75.8736,14.8646],[75.8706,14.855],[75.8585,14.8581],[75.8541,14.8673],[75.8566,14.8781],[75.8468,14.8842],[75.8326,14.8789],[75.8273,14.8939],[75.812,14.8863],[75.8031,14.8701],[75.8061,14.856],[75.8108,14.8423],[75.8129,14.831],[75.8244,14.8216],[75.8316,14.8134],[75.8362,14.8018],[75.8277,14.7784],[75.8187,14.7725],[75.8073,14.7698],[75.7957,14.7695],[75.7722,14.7888],[75.7674,14.7774],[75.758,14.7591],[75.7573,14.739],[75.7498,14.7292],[75.7365,14.7247],[75.717,14.7141],[75.7059,14.7177],[75.7068,14.7327],[75.7186,14.7432],[75.7232,14.7557],[75.7193,14.7709],[75.6947,14.7785],[75.6781,14.794],[75.6646,14.7987],[75.6699,14.8113],[75.6748,14.8255],[75.6807,14.8369],[75.6899,14.8502],[75.7023,14.8486],[75.7147,14.8481],[75.7226,14.8602],[75.7351,14.8661],[75.7365,14.8793],[75.7321,14.8877],[75.697,14.8882],[75.6845,14.9262],[75.6867,14.9394],[75.7018,14.9442],[75.7229,14.9467],[75.7367,14.9396],[75.7538,14.952],[75.761,14.9625],[75.7804,14.9731],[75.7822,14.9893],[75.7978,15.0068],[75.8099,15.0197],[75.8318,15.0234],[75.84,15.0372],[75.8558,15.0326],[75.8669,15.0296],[75.8768,15.0343],[75.8822,15.0465],[75.8995,15.0503],[75.9099,15.0717],[75.8848,15.0932],[75.8993,15.1153],[75.9046,15.1276],[75.915,15.1303],[75.923,15.1353],[75.9396,15.1352],[75.9556,15.1337],[75.9638,15.1379],[75.9725,15.146],[75.9821,15.1487],[75.9988,15.1427],[76.0083,15.1453],[76.0272,15.1394],[76.0442,15.1419],[76.0514,15.1498],[76.0869,15.1575],[76.1002,15.1626],[76.1055,15.1714],[76.1087,15.1875],[76.1166,15.1972],[76.1287,15.1987],[76.1509,15.1923],[76.1597,15.1962],[76.1586,15.2087],[76.1756,15.2243],[76.1862,15.231],[76.2305,15.2287],[76.2188,15.2021],[76.2214,15.1904],[76.2362,15.1857],[76.2467,15.1872],[76.2556,15.1979],[76.2665,15.202],[76.2742,15.2084],[76.2835,15.2213],[76.2894,15.2371],[76.296,15.2451],[76.3087,15.2564],[76.3211,15.2588],[76.3378,15.2681],[76.3446,15.2919],[76.3504,15.3075],[76.3578,15.3156],[76.3659,15.323],[76.3831,15.3243],[76.3967,15.3211],[76.4275,15.3327],[76.4401,15.333],[76.456,15.3386],[76.4726,15.3418],[76.4883,15.3381],[76.4993,15.3458],[76.5462,15.3799],[76.5532,15.3898],[76.5696,15.3953],[76.5889,15.4081],[76.5938,15.4181],[76.5991,15.426],[76.6063,15.435],[76.6393,15.4393],[76.652,15.4431],[76.6665,15.4459],[76.6758,15.4599],[76.6895,15.4721],[76.6999,15.4808],[76.7104,15.4849],[76.7239,15.487],[76.7406,15.486],[76.7507,15.4882],[76.7777,15.4884],[76.7928,15.4951],[76.8045,15.5045],[76.8057,15.516],[76.8073,15.5295],[76.8106,15.5422],[76.8323,15.5567],[76.8314,15.5904],[76.8309,15.6068],[76.8336,15.6211],[76.8567,15.6388],[76.8627,15.651],[76.8701,15.6602],[76.8813,15.6678],[76.8896,15.6784],[76.9034,15.6836],[76.9122,15.6902],[76.9165,15.7027],[76.9241,15.7304],[76.9351,15.7469],[76.944,15.7569],[76.9549,15.7625],[76.9679,15.7741],[76.981,15.7884],[76.9889,15.7951],[76.9962,15.8048],[77.0061,15.8136],[77.0127,15.8197],[77.0244,15.8295],[77.0282,15.8256]]]]}},{"type":"Feature","properties":{"district":"Belagavi","center":[16.1756,74.7836]},"geometry":{"type":"MultiPolygon","coordinates":[[[[75.2884,16.9548],[75.3061,16.9547],[75.338,16.9535],[75.3454,16.9445],[75.3395,16.9241],[75.3363,16.9127],[75.337,16.8664],[75.3591,16.8658],[75.3763,16.8617],[75.3968,16.8588],[75.3873,16.8382],[75.3833,16.8276],[75.3829,16.8084],[75.3817,16.7962],[75.3848,16.7868],[75.39,16.7601],[75.3699,16.7563],[75.3661,16.7306],[75.3659,16.712],[75.3311,16.7122],[75.32,16.7136],[75.3074,16.7131],[75.2931,16.7111],[75.2715,16.691],[75.2663,16.6765],[75.2697,16.6341],[75.2655,16.6172],[75.2602,16.6073],[75.2473,16.6066],[75.2316,16.6149],[75.2186,16.6141],[75.1964,16.6079],[75.1728,16.5993],[75.1657,16.5928],[75.1608,16.5834],[75.1605,16.5703],[75.1693,16.5485],[75.165,16.5326],[75.1548,16.5255],[75.141,16.5233],[75.1322,16.513],[75.1188,16.5044],[75.1049,16.5238],[75.0953,16.5356],[75.0899,16.5552],[75.0737,16.566],[75.0689,16.5383],[75.0459,16.5362],[75.0297,16.537],[75.0116,16.5361],[75.0036,16.5258],[75.0006,16.5136],[74.9984,16.4798],[74.9966,16.4683],[75.0006,16.4584],[75.0203,16.4546],[75.0219,16.4371],[75.0281,16.4306],[75.0469,16.4335],[75.0807,16.4338],[75.08,16.4204],[75.0777,16.4085],[75.0737,16.3998],[75.0524,16.3959],[75.0414,16.3912],[75.036,16.3771],[75.0351,16.3637],[75.0373,16.3405],[75.0454,16.3169],[75.0579,16.3243],[75.0702,16.3229],[75.084,16.3265],[75.1047,16.3211],[75.1162,16.3225],[75.1296,16.3268],[75.1392,16.3204],[75.1329,16.3016],[75.1315,16.2894],[75.1497,16.2809],[75.169,16.2773],[75.1828,16.2736],[75.2015,16.2718],[75.2192,16.2661],[75.2305,16.259],[75.2334,16.2486],[75.2317,16.2351],[75.2317,16.222],[75.2361,16.2125],[75.2413,16.2045],[75.2534,16.2038],[75.2695,16.2065],[75.2807,16.1979],[75.2896,16.1835],[75.2871,16.1735],[75.2935,16.1673],[75.2876,16.1454],[75.2829,16.1295],[75.2783,16.1158],[75.292,16.1154],[75.3109,16.1121],[75.3265,16.1109],[75.3422,16.1198],[75.3552,16.1245],[75.3594,16.1114],[75.3819,16.111],[75.3957,16.11],[75.4068,16.1155],[75.4099,16.126],[75.4175,16.1064],[75.4221,16.0976],[75.4272,16.0898],[75.4323,16.0783],[75.4297,16.0554],[75.4208,16.0516],[75.4177,16.0427],[75.4186,16.0303],[75.4258,16.0205],[75.4293,16.0075],[75.4414,15.9978],[75.4395,15.9834],[75.4361,15.9706],[75.4421,15.9629],[75.4356,15.9419],[75.4318,15.9296],[75.4273,15.9185],[75.443,15.9154],[75.4405,15.8912],[75.4471,15.8857],[75.4555,15.86],[75.4621,15.8213],[75.4574,15.8087],[75.4524,15.7957],[75.4425,15.7914],[75.4396,15.7769],[75.4177,15.7809],[75.4189,15.7924],[75.427,15.8179],[75.4293,15.8397],[75.4186,15.8381],[75.408,15.8352],[75.3952,15.8352],[75.3836,15.8396],[75.3774,15.8331],[75.3692,15.8117],[75.3441,15.8011],[75.3428,15.8236],[75.3327,15.8207],[75.3295,15.8101],[75.3178,15.8094],[75.306,15.8082],[75.306,15.7908],[75.307,15.7641],[75.3195,15.7623],[75.3204,15.7418],[75.316,15.7285],[75.3046,15.7256],[75.2957,15.7372],[75.2776,15.7366],[75.2763,15.721],[75.2809,15.6863],[75.2746,15.6646],[75.2753,15.6477],[75.26,15.6457],[75.2437,15.6626],[75.2396,15.6767],[75.2211,15.676],[75.205,15.6791],[75.2069,15.6567],[75.1901,15.6467],[75.1734,15.6588],[75.1535,15.6591],[75.126,15.6632],[75.1098,15.6691],[75.1036,15.6594],[75.1021,15.6481],[75.1012,15.6241],[75.0954,15.606],[75.0849,15.6195],[75.0599,15.6287],[75.0618,15.6466],[75.0657,15.6579],[75.0646,15.6783],[75.0529,15.6794],[75.0505,15.6688],[75.0333,15.6662],[75.0319,15.65],[75.0235,15.6423],[75.0033,15.6451],[74.9855,15.6454],[74.9708,15.6489],[74.9674,15.6399],[74.9672,15.6228],[74.9488,15.6198],[74.9361,15.6199],[74.923,15.624],[74.9116,15.6266],[74.8974,15.6266],[74.8878,15.6204],[74.8615,15.6092],[74.846,15.6043],[74.8346,15.6069],[74.8348,15.5871],[74.8444,15.5718],[74.8312,15.5649],[74.8231,15.5567],[74.8162,15.5517],[74.802,15.5434],[74.8156,15.5179],[74.8143,15.506],[74.808,15.4986],[74.8035,15.491],[74.7912,15.482],[74.7931,15.4699],[74.781,15.457],[74.7698,15.4711],[74.7587,15.4797],[74.7509,15.492],[74.7314,15.4866],[74.7385,15.4658],[74.7479,15.4621],[74.7451,15.4459],[74.7363,15.4355],[74.7389,15.4204],[74.7468,15.4089],[74.7316,15.4087],[74.7169,15.407],[74.7036,15.4074],[74.6962,15.3966],[74.6588,15.3876],[74.6505,15.3824],[74.6411,15.3755],[74.6352,15.3652],[74.6191,15.3562],[74.6025,15.37],[74.5968,15.3775],[74.5853,15.3889],[74.5726,15.4009],[74.5494,15.4148],[74.5206,15.4009],[74.5053,15.4022],[74.4918,15.3984],[74.4799,15.3949],[74.4755,15.4078],[74.4632,15.4014],[74.4551,15.4063],[74.4449,15.4041],[74.4372,15.3957],[74.429,15.4143],[74.4263,15.4596],[74.4173,15.4732],[74.3921,15.4831],[74.3814,15.4796],[74.3682,15.4919],[74.3464,15.5165],[74.3276,15.5152],[74.2916,15.5228],[74.2856,15.5342],[74.2789,15.5487],[74.2699,15.5612],[74.2543,15.5658],[74.2574,15.5755],[74.2652,15.5902],[74.2685,15.6096],[74.2625,15.6229],[74.2545,15.6296],[74.2565,15.6468],[74.245,15.6656],[74.2316,15.6665],[74.2241,15.6589],[74.2132,15.649],[74.2115,15.661],[74.1963,15.6649],[74.1977,15.6789],[74.183,15.6774],[74.1754,15.6702],[74.1734,15.6521],[74.1632,15.6486],[74.1469,15.6487],[74.129,15.6502],[74.1121,15.655],[74.098,15.666],[74.1062,15.6706],[74.127,15.6737],[74.1389,15.6862],[74.1389,15.699],[74.1355,15.7093],[74.1306,15.7179],[74.1405,15.7217],[74.1474,15.7301],[74.1601,15.7343],[74.1677,15.7493],[74.1971,15.7502],[74.2113,15.7586],[74.2157,15.7739],[74.2225,15.7817],[74.2355,15.7868],[74.2352,15.7596],[74.2439,15.7444],[74.2589,15.7434],[74.2709,15.7519],[74.2849,15.7433],[74.313,15.7483],[74.3241,15.7565],[74.3276,15.7682],[74.3423,15.7655],[74.3649,15.7737],[74.3708,15.7822],[74.3755,15.7967],[74.374,15.8104],[74.3664,15.8155],[74.3734,15.8258],[74.3863,15.8333],[74.3893,15.8441],[74.3538,15.8481],[74.3445,15.8521],[74.3534,15.8557],[74.3641,15.8702],[74.3706,15.88],[74.3741,15.8916],[74.3831,15.8778],[74.3879,15.8639],[74.3934,15.8518],[74.4031,15.849],[74.4116,15.8526],[74.3992,15.8743],[74.4016,15.8873],[74.3984,15.8977],[74.402,15.9111],[74.4123,15.9252],[74.4352,15.9512],[74.4423,15.9655],[74.45,15.9832],[74.4497,15.9985],[74.4564,16.0089],[74.4639,16.0226],[74.4677,16.0336],[74.468,16.0467],[74.4559,16.0522],[74.4405,16.057],[74.4229,16.0532],[74.4112,16.049],[74.3961,16.0396],[74.3786,16.0366],[74.3817,16.0536],[74.3708,16.051],[74.3751,16.0634],[74.3806,16.073],[74.3905,16.0799],[74.3973,16.0871],[74.4076,16.0907],[74.4161,16.096],[74.4228,16.1026],[74.4346,16.1106],[74.4445,16.1052],[74.4549,16.1027],[74.478,16.0919],[74.4891,16.0873],[74.4935,16.0986],[74.4971,16.1124],[74.491,16.142],[74.4947,16.155],[74.4953,16.169],[74.4978,16.1813],[74.5091,16.1878],[74.5108,16.1988],[74.5032,16.2116],[74.5077,16.2213],[74.5031,16.231],[74.4951,16.236],[74.4841,16.2467],[74.4761,16.239],[74.4634,16.2418],[74.4428,16.2496],[74.4225,16.2575],[74.4216,16.2715],[74.418,16.2809],[74.4008,16.2763],[74.3904,16.2902],[74.3801,16.2935],[74.3696,16.2907],[74.3585,16.2888],[74.3551,16.2745],[74.3439,16.2721],[74.3371,16.2657],[74.3307,16.2729],[74.3322,16.2841],[74.3427,16.2888],[74.3448,16.3033],[74.3406,16.3116],[74.331,16.315],[74.3373,16.3234],[74.323,16.3251],[74.3291,16.3326],[74.3235,16.3399],[74.3316,16.3465],[74.3237,16.3536],[74.3276,16.3681],[74.3255,16.3792],[74.3347,16.3829],[74.3403,16.391],[74.3477,16.386],[74.3511,16.3768],[74.3617,16.3647],[74.3596,16.3788],[74.3687,16.3912],[74.3646,16.4032],[74.3492,16.4039],[74.3382,16.4134],[74.3438,16.4255],[74.3406,16.4362],[74.3388,16.4466],[74.3305,16.4528],[74.3148,16.4532],[74.3071,16.4596],[74.2964,16.4667],[74.2976,16.4816],[74.3006,16.4996],[74.2889,16.5038],[74.2833,16.496],[74.281,16.4858],[74.2688,16.476],[74.2645,16.4855],[74.2532,16.4949],[74.2631,16.499],[74.2786,16.501],[74.2867,16.5068],[74.2819,16.5206],[74.272,16.5334],[74.2764,16.5445],[74.2882,16.5395],[74.2871,16.5273],[74.2976,16.5319],[74.3069,16.5292],[74.3116,16.5069],[74.3215,16.5027],[74.3227,16.519],[74.3232,16.5322],[74.3222,16.5445],[74.3294,16.5535],[74.3402,16.5501],[74.3551,16.5531],[74.3656,16.5571],[74.3646,16.5437],[74.3711,16.5377],[74.3854,16.5274],[74.3957,16.5357],[74.3955,16.5595],[74.4012,16.5709],[74.4137,16.5802],[74.4288,16.5827],[74.4335,16.5944],[74.447,16.6003],[74.4725,16.6048],[74.4714,16.6218],[74.4645,16.634],[74.4628,16.6445],[74.4701,16.6552],[74.4774,16.6608],[74.4859,16.6391],[74.4918,16.6323],[74.5017,16.6271],[74.5103,16.6315],[74.5301,16.6306],[74.5514,16.6332],[74.5494,16.6155],[74.5499,16.5922],[74.5656,16.5904],[74.5698,16.5812],[74.5597,16.5714],[74.5622,16.558],[74.5741,16.552],[74.592,16.5555],[74.5959,16.5644],[74.617,16.568],[74.6244,16.5776],[74.6364,16.5757],[74.6394,16.5944],[74.6411,16.6047],[74.6517,16.607],[74.6639,16.6011],[74.6753,16.606],[74.6904,16.6045],[74.6943,16.6152],[74.6853,16.6199],[74.6739,16.6285],[74.663,16.6322],[74.6688,16.6556],[74.6961,16.675],[74.6873,16.679],[74.6956,16.6858],[74.6959,16.7105],[74.7078,16.7131],[74.7224,16.7133],[74.7366,16.7158],[74.7482,16.7221],[74.7561,16.7296],[74.7638,16.7368],[74.775,16.7408],[74.7911,16.7481],[74.8041,16.7508],[74.8503,16.7603],[74.855,16.7708],[74.8684,16.7711],[74.8926,16.7687],[74.907,16.7698],[74.9238,16.77],[74.9159,16.7857],[74.9158,16.8102],[74.9131,16.8307],[74.912,16.8559],[74.9278,16.8633],[74.9371,16.8692],[74.9451,16.8771],[74.9641,16.8779],[74.9673,16.9054],[74.9528,16.9065],[74.9441,16.9133],[74.9369,16.9207],[74.927,16.9256],[74.9384,16.941],[74.9483,16.9358],[74.9545,16.93],[74.9667,16.9356],[74.9814,16.9306],[74.9945,16.935],[75.0037,16.9458],[75.0303,16.9415],[75.0319,16.9257],[75.0454,16.9343],[75.0552,16.9389],[75.0829,16.9466],[75.0947,16.9212],[75.1069,16.9095],[75.1188,16.91],[75.1236,16.9004],[75.1384,16.8929],[75.1384,16.8783],[75.1505,16.8694],[75.1644,16.8656],[75.1808,16.8675],[75.1897,16.8735],[75.189,16.8619],[75.1832,16.842],[75.2159,16.8403],[75.23,16.8409],[75.2357,16.8542],[75.241,16.863],[75.258,16.8621],[75.2828,16.8742],[75.2875,16.8832],[75.2918,16.9011],[75.2856,16.9094],[75.2836,16.9429],[75.2884,16.9548]]]]}},{"type":"Feature","properties":{"district":"Bengaluru Rural","center":[12.9327,77.4814]},"geometry":{"type":"MultiPolygon","coordinates":[[[[77.3794,13.4924],[77.3933,13.4864],[77.4046,13.489],[77.4121,13.4787],[77.419,13.4645],[77.4296,13.4562],[77.4489,13.4565],[77.4645,13.4608],[77.4791,13.4586],[77.4913,13.4495],[77.5003,13.4397],[77.5095,13.4343],[77.5149,13.4253],[77.5283,13.4231],[77.542,13.4266],[77.5473,13.4092],[77.563,13.4101],[77.5838,13.4127],[77.5846,13.4269],[77.5956,13.4327],[77.6029,13.4166],[77.599,13.4058],[77.5927,13.3988],[77.5982,13.3879],[77.6052,13.3936],[77.6072,13.3771],[77.6149,13.3671],[77.6324,13.3843],[77.646,13.3889],[77.6471,13.3775],[77.6547,13.3703],[77.6499,13.3575],[77.6562,13.3443],[77.6725,13.3365],[77.686,13.332],[77.6977,13.3359],[77.6943,13.3452],[77.7017,13.3533],[77.7111,13.3422],[77.7225,13.3436],[77.7294,13.3513],[77.7374,13.3456],[77.7457,13.3529],[77.7619,13.3468],[77.776,13.3428],[77.7872,13.3357],[77.801,13.3294],[77.8125,13.3197],[77.8167,13.3112],[77.8113,13.3043],[77.807,13.2965],[77.8194,13.2946],[77.822,13.2821],[77.8142,13.2869],[77.8069,13.2734],[77.8021,13.2526],[77.8128,13.2491],[77.8011,13.2319],[77.8133,13.2412],[77.8253,13.2369],[77.8423,13.2313],[77.8407,13.2115],[77.8547,13.2301],[77.8631,13.2235],[77.871,13.229],[77.8766,13.2409],[77.8902,13.2463],[77.8973,13.24],[77.8863,13.2276],[77.9026,13.2197],[77.9066,13.2286],[77.9179,13.2295],[77.9369,13.2318],[77.9569,13.2344],[77.9552,13.2212],[77.9399,13.2097],[77.9472,13.1997],[77.9519,13.1854],[77.9496,13.1698],[77.9471,13.1557],[77.9491,13.1372],[77.9484,13.1208],[77.9401,13.1158],[77.9303,13.1133],[77.9285,13.0976],[77.9153,13.1027],[77.9062,13.1074],[77.8931,13.09],[77.9027,13.0846],[77.9067,13.0751],[77.9157,13.0708],[77.9221,13.0643],[77.932,13.0736],[77.9311,13.0593],[77.9191,13.0583],[77.9066,13.0391],[77.8906,13.0409],[77.8832,13.0354],[77.8804,13.0257],[77.8796,13.0097],[77.8741,12.9953],[77.8633,12.9764],[77.8635,12.9642],[77.8565,12.9551],[77.8581,12.9412],[77.8658,12.9334],[77.8597,12.9231],[77.8479,12.9221],[77.8383,12.9155],[77.8337,12.9044],[77.8501,12.9053],[77.845,12.8832],[77.8457,12.8702],[77.8581,12.8666],[77.8545,12.8567],[77.8396,12.8559],[77.8256,12.859],[77.8209,12.8688],[77.8182,12.8807],[77.8147,12.8929],[77.8112,12.9021],[77.8057,12.9118],[77.8011,12.9198],[77.798,12.9107],[77.7861,12.9145],[77.7738,12.9167],[77.77,12.9257],[77.7576,12.9288],[77.7648,12.9395],[77.7586,12.951],[77.77,12.9548],[77.771,12.9671],[77.7687,12.9829],[77.7706,12.9962],[77.7706,13.0102],[77.7764,13.0189],[77.7737,13.037],[77.7612,13.0413],[77.755,13.0565],[77.7581,13.0737],[77.7527,13.1035],[77.7254,13.1056],[77.7323,13.1132],[77.7282,13.1234],[77.7256,13.1343],[77.7213,13.145],[77.7222,13.1576],[77.7226,13.174],[77.7126,13.1816],[77.6927,13.1782],[77.6858,13.1875],[77.6754,13.182],[77.6648,13.1781],[77.6497,13.1776],[77.6449,13.1922],[77.6116,13.1964],[77.5986,13.1928],[77.5938,13.1811],[77.5717,13.1879],[77.5619,13.1926],[77.5615,13.2046],[77.5488,13.206],[77.5508,13.2233],[77.5322,13.2163],[77.5199,13.2101],[77.5133,13.201],[77.508,13.2117],[77.4962,13.216],[77.4788,13.2143],[77.4665,13.2061],[77.4685,13.1869],[77.4598,13.1637],[77.4535,13.1516],[77.437,13.1559],[77.4215,13.1555],[77.4092,13.1392],[77.4017,13.1161],[77.3966,13.1049],[77.4113,13.0964],[77.413,13.0779],[77.4219,13.0597],[77.408,13.0605],[77.394,13.0624],[77.3767,13.0566],[77.379,13.0431],[77.3903,13.0459],[77.3873,13.033],[77.3855,13.0202],[77.3704,13.0211],[77.369,13.0087],[77.3698,12.9973],[77.3717,12.9859],[77.3559,12.9775],[77.3499,12.9713],[77.3371,12.9619],[77.327,12.9683],[77.325,12.9389],[77.3372,12.9332],[77.3304,12.9258],[77.3337,12.9056],[77.3358,12.8816],[77.3398,12.8722],[77.3403,12.8594],[77.3583,12.8626],[77.3671,12.8465],[77.3858,12.8535],[77.3967,12.863],[77.4043,12.8675],[77.411,12.8622],[77.4221,12.8687],[77.413,12.8601],[77.4207,12.8464],[77.4301,12.8413],[77.4235,12.8301],[77.4136,12.822],[77.4187,12.8147],[77.425,12.808],[77.4327,12.8004],[77.4407,12.8057],[77.4541,12.8019],[77.473,12.7992],[77.4765,12.7905],[77.4649,12.7866],[77.4692,12.7736],[77.4659,12.7576],[77.4685,12.7454],[77.4812,12.7343],[77.4975,12.7269],[77.507,12.736],[77.5117,12.7259],[77.5185,12.733],[77.53,12.7459],[77.5352,12.7547],[77.5433,12.7647],[77.542,12.7775],[77.5329,12.7899],[77.5499,12.791],[77.5459,12.7797],[77.5544,12.7548],[77.5651,12.7601],[77.5736,12.7778],[77.5852,12.7734],[77.5906,12.7575],[77.5888,12.7473],[77.5795,12.7405],[77.5683,12.7429],[77.561,12.7273],[77.55,12.7215],[77.5519,12.7038],[77.561,12.69],[77.58,12.7047],[77.5877,12.71],[77.5991,12.7029],[77.6086,12.6968],[77.5961,12.6802],[77.5922,12.666],[77.5855,12.6555],[77.588,12.6427],[77.5917,12.6328],[77.5978,12.621],[77.5854,12.6119],[77.5815,12.5842],[77.5742,12.5672],[77.5701,12.5579],[77.5724,12.5404],[77.5776,12.5235],[77.5798,12.5115],[77.5952,12.5037],[77.6064,12.4998],[77.6018,12.4917],[77.5825,12.4763],[77.5754,12.4684],[77.5966,12.4646],[77.6108,12.478],[77.6173,12.4855],[77.6252,12.4773],[77.6217,12.4544],[77.6182,12.4431],[77.6169,12.4246],[77.6207,12.4138],[77.6158,12.4049],[77.6109,12.3856],[77.6099,12.3736],[77.6063,12.3603],[77.6002,12.3512],[77.5862,12.3363],[77.5753,12.3263],[77.566,12.3167],[77.5561,12.2972],[77.5452,12.2927],[77.5395,12.2824],[77.5235,12.281],[77.5183,12.2695],[77.5021,12.2663],[77.4932,12.2728],[77.4784,12.2697],[77.4702,12.2619],[77.4667,12.2485],[77.463,12.2358],[77.4538,12.239],[77.4412,12.2398],[77.4335,12.2576],[77.426,12.2731],[77.4111,12.2789],[77.3982,12.2723],[77.3692,12.271],[77.3544,12.2738],[77.3438,12.2698],[77.331,12.2743],[77.3238,12.2884],[77.3177,12.2974],[77.3138,12.3058],[77.3158,12.3176],[77.3242,12.3446],[77.3192,12.3571],[77.3117,12.3711],[77.3052,12.3815],[77.2851,12.3823],[77.2753,12.3954],[77.2736,12.4098],[77.2716,12.4199],[77.2619,12.4263],[77.2643,12.4367],[77.2604,12.4567],[77.2502,12.4537],[77.236,12.4583],[77.2281,12.4625],[77.2259,12.4735],[77.2192,12.4665],[77.2185,12.4797],[77.2303,12.4791],[77.2306,12.4909],[77.2161,12.4915],[77.2085,12.4824],[77.2014,12.4766],[77.1919,12.4799],[77.1857,12.474],[77.1696,12.4703],[77.1604,12.4754],[77.1496,12.4666],[77.139,12.4536],[77.1286,12.4596],[77.1248,12.4686],[77.1156,12.477],[77.1245,12.4929],[77.122,12.5098],[77.1169,12.522],[77.1121,12.5311],[77.1074,12.5403],[77.1206,12.5436],[77.1206,12.5583],[77.1105,12.5716],[77.1058,12.5872],[77.1036,12.6074],[77.1158,12.6117],[77.1082,12.6201],[77.0972,12.617],[77.0921,12.633],[77.0919,12.6591],[77.0845,12.6666],[77.0686,12.6706],[77.0652,12.6846],[77.0675,12.7004],[77.0707,12.7116],[77.074,12.7259],[77.0732,12.7384],[77.0763,12.749],[77.0863,12.7446],[77.0873,12.7569],[77.0923,12.7665],[77.1068,12.7673],[77.1219,12.7679],[77.1365,12.7723],[77.1438,12.7842],[77.1331,12.8007],[77.149,12.8172],[77.1424,12.8248],[77.1425,12.8392],[77.1331,12.8429],[77.127,12.8508],[77.1271,12.8657],[77.1238,12.8749],[77.1131,12.8776],[77.1039,12.8831],[77.1135,12.8894],[77.1281,12.8902],[77.1332,12.9044],[77.1522,12.9039],[77.1608,12.9219],[77.154,12.9309],[77.1526,12.9483],[77.1384,12.9544],[77.1258,12.9662],[77.1355,12.976],[77.1299,12.9878],[77.1255,12.9982],[77.1228,12.9862],[77.1099,12.9869],[77.0995,12.9849],[77.0917,12.9901],[77.1043,13.0006],[77.1032,13.013],[77.0893,13.0171],[77.0822,13.0247],[77.0683,13.0295],[77.067,13.0433],[77.0695,13.0541],[77.0739,13.0712],[77.0689,13.0985],[77.0657,13.1167],[77.0748,13.1243],[77.0864,13.1265],[77.0899,13.1356],[77.101,13.1301],[77.1095,13.1215],[77.1096,13.135],[77.1137,13.1536],[77.1243,13.1569],[77.1325,13.1668],[77.1494,13.1837],[77.1593,13.1871],[77.1622,13.1754],[77.1768,13.177],[77.1907,13.1727],[77.2006,13.1803],[77.191,13.1976],[77.1862,13.2132],[77.1753,13.2196],[77.183,13.2305],[77.1796,13.2477],[77.1817,13.2642],[77.1916,13.2591],[77.2019,13.2543],[77.2157,13.2607],[77.2143,13.2763],[77.2158,13.287],[77.2235,13.3032],[77.2351,13.2997],[77.2463,13.2954],[77.2639,13.3026],[77.2691,13.2907],[77.275,13.3021],[77.3009,13.3029],[77.304,13.3121],[77.3225,13.3215],[77.3374,13.3322],[77.3365,13.3472],[77.3386,13.3678],[77.3418,13.4097],[77.3568,13.4119],[77.3563,13.4274],[77.3485,13.4343],[77.3429,13.4451],[77.3523,13.4556],[77.3621,13.4619],[77.3656,13.472],[77.3741,13.4844],[77.3794,13.4924]]]]}},{"type":"Feature","properties":{"district":"Bengaluru Urban","center":[12.9059,77.585]},"geometry":{"type":"MultiPolygon","coordinates":[[[[77.5615,13.2046],[77.5619,13.1926],[77.5717,13.1879],[77.5902,13.1806],[77.5986,13.1928],[77.6082,13.1963],[77.6449,13.1922],[77.6461,13.1792],[77.6599,13.1763],[77.6681,13.1822],[77.6805,13.1835],[77.6927,13.1782],[77.7061,13.182],[77.7202,13.1791],[77.7218,13.1679],[77.7202,13.1507],[77.7228,13.1386],[77.7302,13.1307],[77.729,13.119],[77.7254,13.1056],[77.7527,13.1035],[77.7586,13.0789],[77.753,13.0662],[77.7612,13.0413],[77.7737,13.037],[77.7764,13.0189],[77.7706,13.0102],[77.7706,12.9962],[77.7687,12.9829],[77.7663,12.9677],[77.7739,12.9614],[77.7657,12.9528],[77.7648,12.9395],[77.7572,12.9336],[77.7655,12.928],[77.769,12.9192],[77.7861,12.9145],[77.798,12.9107],[77.8011,12.9198],[77.8057,12.9118],[77.8112,12.9021],[77.8147,12.8929],[77.8182,12.8807],[77.8222,12.8722],[77.8256,12.859],[77.8221,12.8498],[77.8136,12.844],[77.7998,12.8378],[77.7886,12.8354],[77.7836,12.8283],[77.7923,12.8214],[77.7987,12.8118],[77.7914,12.7963],[77.7995,12.7869],[77.7879,12.7813],[77.7815,12.771],[77.7716,12.7598],[77.7783,12.7479],[77.7829,12.7388],[77.767,12.7296],[77.7531,12.7251],[77.7556,12.7156],[77.7615,12.7077],[77.756,12.6971],[77.7502,12.6872],[77.7336,12.6915],[77.7273,12.6829],[77.7332,12.6719],[77.7232,12.6632],[77.7141,12.6703],[77.7038,12.6737],[77.7018,12.6582],[77.6955,12.6512],[77.6784,12.649],[77.6678,12.6506],[77.6693,12.6619],[77.6543,12.6742],[77.6388,12.6701],[77.6094,12.6634],[77.5978,12.659],[77.5893,12.6483],[77.5922,12.666],[77.5961,12.6802],[77.6059,12.6917],[77.5991,12.7029],[77.5877,12.71],[77.58,12.7047],[77.5644,12.691],[77.5549,12.6962],[77.55,12.7129],[77.5561,12.7231],[77.5683,12.7429],[77.5795,12.7405],[77.5888,12.7473],[77.5906,12.7575],[77.5855,12.7685],[77.5736,12.7778],[77.5644,12.7708],[77.5635,12.7538],[77.5483,12.7713],[77.5548,12.777],[77.5499,12.791],[77.5329,12.7899],[77.5385,12.783],[77.5353,12.767],[77.5352,12.7547],[77.53,12.7459],[77.5185,12.733],[77.5148,12.7239],[77.5117,12.7351],[77.4975,12.7269],[77.4812,12.7343],[77.4685,12.7454],[77.4659,12.7576],[77.4698,12.7704],[77.4631,12.7808],[77.4765,12.7905],[77.473,12.7992],[77.4576,12.8004],[77.4447,12.8097],[77.4362,12.7989],[77.4287,12.8073],[77.4187,12.8147],[77.4136,12.822],[77.4235,12.8301],[77.4301,12.8413],[77.4207,12.8464],[77.4141,12.8566],[77.4227,12.8626],[77.411,12.8622],[77.4043,12.8675],[77.3967,12.863],[77.3858,12.8535],[77.3762,12.848],[77.3604,12.8552],[77.3464,12.8615],[77.3398,12.8722],[77.3358,12.8816],[77.3293,12.9007],[77.3341,12.92],[77.3372,12.9332],[77.325,12.9389],[77.3222,12.9659],[77.3338,12.9622],[77.3472,12.9656],[77.3531,12.9755],[77.3686,12.9826],[77.3713,12.9923],[77.3661,13.002],[77.3714,13.0107],[77.3855,13.0202],[77.3873,13.033],[77.3903,13.0459],[77.3813,13.0413],[77.3757,13.0496],[77.394,13.0624],[77.408,13.0605],[77.4219,13.0597],[77.4183,13.078],[77.413,13.0878],[77.4037,13.1015],[77.3977,13.1162],[77.4092,13.1392],[77.4215,13.1555],[77.437,13.1559],[77.4535,13.1516],[77.4598,13.1637],[77.4666,13.1785],[77.4675,13.1963],[77.4715,13.2129],[77.4962,13.216],[77.508,13.2117],[77.5133,13.201],[77.5199,13.2101],[77.5322,13.2163],[77.5391,13.2232],[77.5489,13.2134],[77.5615,13.2046]]]]}},{"type":"Feature","properties":{"district":"Bidar","center":[17.961,77.2073]},"geometry":{"type":"MultiPolygon","coordinates":[[[[77.3373,18.4354],[77.3541,18.4487],[77.3696,18.4477],[77.3654,18.4381],[77.3698,18.4007],[77.3926,18.397],[77.4101,18.3885],[77.4079,18.3785],[77.4007,18.3702],[77.3918,18.3659],[77.3982,18.3535],[77.3928,18.3457],[77.3862,18.3382],[77.378,18.3287],[77.367,18.3223],[77.3554,18.3185],[77.3625,18.3083],[77.3813,18.306],[77.3926,18.3009],[77.4078,18.2996],[77.425,18.3047],[77.4364,18.3065],[77.4346,18.293],[77.4369,18.282],[77.4449,18.2772],[77.4508,18.266],[77.4654,18.26],[77.4803,18.2687],[77.4922,18.2659],[77.4977,18.2733],[77.5102,18.2784],[77.5084,18.3022],[77.5198,18.3074],[77.5396,18.2938],[77.55,18.2913],[77.561,18.2831],[77.5707,18.2905],[77.5838,18.2831],[77.5978,18.2812],[77.5919,18.2618],[77.5815,18.2563],[77.5725,18.2406],[77.5811,18.2227],[77.5744,18.1999],[77.5643,18.19],[77.5725,18.1789],[77.5775,18.1683],[77.5892,18.1535],[77.5935,18.1279],[77.6006,18.0994],[77.5975,18.0843],[77.5774,18.0769],[77.5605,18.0711],[77.5567,18.0622],[77.5457,18.0538],[77.5521,18.0469],[77.5531,18.0347],[77.5745,18.0307],[77.585,18.0248],[77.5872,18.0133],[77.5995,18.0157],[77.6101,18.0105],[77.6223,18.0047],[77.6288,17.9925],[77.6382,17.9965],[77.6478,17.9873],[77.6436,17.9734],[77.6534,17.9694],[77.6443,17.9627],[77.6474,17.9532],[77.6356,17.9505],[77.6297,17.963],[77.6289,17.9485],[77.62,17.9445],[77.6195,17.9301],[77.6189,17.9135],[77.6166,17.9029],[77.6044,17.9055],[77.5852,17.9082],[77.5852,17.8925],[77.5925,17.8795],[77.5967,17.8705],[77.5813,17.8757],[77.5674,17.8661],[77.566,17.8496],[77.5592,17.8386],[77.5543,17.8305],[77.5497,17.818],[77.5437,17.8263],[77.526,17.8268],[77.5261,17.8117],[77.5109,17.8014],[77.507,17.793],[77.5045,17.7826],[77.523,17.7796],[77.5345,17.7747],[77.5545,17.7613],[77.566,17.7641],[77.562,17.7471],[77.5546,17.7411],[77.5441,17.7334],[77.5394,17.7254],[77.5276,17.7271],[77.5095,17.72],[77.4943,17.716],[77.4893,17.7068],[77.4787,17.703],[77.4579,17.699],[77.4503,17.6913],[77.4491,17.6661],[77.4456,17.6575],[77.4475,17.6471],[77.4508,17.6324],[77.4458,17.6123],[77.4405,17.6041],[77.4399,17.5815],[77.4281,17.5824],[77.4096,17.5818],[77.396,17.5823],[77.3754,17.5808],[77.3751,17.5938],[77.3577,17.5987],[77.3378,17.5874],[77.3264,17.5904],[77.3055,17.5932],[77.2928,17.6061],[77.2829,17.6151],[77.2755,17.62],[77.265,17.6253],[77.254,17.6234],[77.2276,17.6298],[77.2163,17.6266],[77.2046,17.6232],[77.1941,17.6277],[77.1921,17.6137],[77.1737,17.6196],[77.164,17.6264],[77.1518,17.6264],[77.1484,17.6375],[77.1412,17.6426],[77.1301,17.6599],[77.1321,17.6779],[77.1138,17.6826],[77.1094,17.6735],[77.1005,17.6652],[77.086,17.6576],[77.0775,17.6628],[77.061,17.6652],[77.0481,17.6668],[77.0357,17.6659],[77.0321,17.6761],[77.019,17.6733],[77.009,17.6802],[76.9976,17.6915],[76.9835,17.6898],[76.9761,17.6764],[76.9761,17.6639],[76.9849,17.659],[76.9783,17.6476],[76.9577,17.6344],[76.9559,17.6194],[76.9395,17.6094],[76.9205,17.6087],[76.9177,17.6214],[76.9266,17.6327],[76.9062,17.639],[76.8888,17.6417],[76.8773,17.6423],[76.8524,17.6438],[76.8435,17.6471],[76.8147,17.6474],[76.804,17.6488],[76.7867,17.6462],[76.7816,17.6339],[76.7694,17.6449],[76.7708,17.6618],[76.7436,17.666],[76.7325,17.6642],[76.7199,17.6519],[76.7157,17.6377],[76.7024,17.6403],[76.7089,17.6545],[76.698,17.6611],[76.6935,17.6707],[76.6906,17.68],[76.6931,17.6938],[76.6924,17.7053],[76.7035,17.7186],[76.6982,17.726],[76.7276,17.737],[76.7219,17.748],[76.7191,17.7613],[76.7128,17.7714],[76.7157,17.7819],[76.7246,17.7851],[76.7394,17.7791],[76.7478,17.7836],[76.7628,17.7871],[76.7663,17.7966],[76.7763,17.7994],[76.7795,17.8103],[76.7848,17.8196],[76.7855,17.8315],[76.7657,17.8508],[76.7546,17.8566],[76.7375,17.8571],[76.7396,17.8836],[76.7407,17.898],[76.766,17.8984],[76.7731,17.8852],[76.7974,17.8693],[76.8054,17.8742],[76.8111,17.8841],[76.8331,17.8827],[76.8469,17.8964],[76.8719,17.8947],[76.8832,17.8971],[76.8924,17.9029],[76.9002,17.9147],[76.9132,17.9138],[76.9183,17.9231],[76.9192,17.9367],[76.9173,17.9605],[76.9182,17.9729],[76.9196,17.9854],[76.9176,17.9963],[76.9177,18.0123],[76.9177,18.0332],[76.9386,18.0372],[76.9521,18.0377],[76.9484,18.0487],[76.9527,18.0634],[76.947,18.0738],[76.9548,18.0854],[76.9643,18.0882],[76.9683,18.0971],[76.9586,18.1064],[76.9425,18.1114],[76.9226,18.1161],[76.93,18.1323],[76.9254,18.1448],[76.9334,18.1579],[76.9438,18.1547],[76.951,18.1725],[76.9541,18.1849],[76.9709,18.1869],[76.9806,18.1894],[76.9915,18.1867],[76.9955,18.1784],[76.9978,18.1668],[77.024,18.1627],[77.0217,18.1782],[77.0324,18.183],[77.0494,18.1732],[77.0503,18.1613],[77.0577,18.1559],[77.0691,18.1494],[77.0862,18.1503],[77.0927,18.157],[77.1089,18.1527],[77.1163,18.1676],[77.1029,18.1863],[77.0955,18.1951],[77.1066,18.2018],[77.121,18.2067],[77.1395,18.2072],[77.15,18.2166],[77.1478,18.2376],[77.1572,18.2531],[77.1674,18.2735],[77.1778,18.2819],[77.1917,18.2743],[77.1988,18.2792],[77.2045,18.2905],[77.1954,18.3127],[77.21,18.3137],[77.2169,18.3249],[77.223,18.3378],[77.2308,18.3656],[77.245,18.3706],[77.2329,18.3861],[77.2364,18.3998],[77.2402,18.4086],[77.2584,18.4104],[77.2646,18.4184],[77.2948,18.4327],[77.3023,18.4385],[77.3174,18.4538],[77.326,18.4489],[77.3334,18.4419],[77.3373,18.4354]]]]}},{"type":"Feature","properties":{"district":"Chamarajanagar","center":[11.9422,77.0237]},"geometry":{"type":"MultiPolygon","coordinates":[[[[77.2705,12.2997],[77.2838,12.295],[77.2936,12.2897],[77.3051,12.2954],[77.3177,12.2974],[77.3238,12.2884],[77.331,12.2743],[77.3438,12.2698],[77.3544,12.2738],[77.3692,12.271],[77.389,12.2697],[77.4058,12.2771],[77.4204,12.2779],[77.43,12.2658],[77.4388,12.2416],[77.4538,12.239],[77.463,12.2358],[77.4737,12.2249],[77.4684,12.2102],[77.4692,12.1965],[77.4788,12.194],[77.4925,12.1872],[77.5113,12.184],[77.5198,12.1887],[77.531,12.1901],[77.5467,12.1904],[77.5558,12.1871],[77.5653,12.1905],[77.5842,12.1888],[77.5966,12.1953],[77.6105,12.1916],[77.6256,12.1897],[77.6447,12.1886],[77.6681,12.1837],[77.7013,12.1726],[77.7195,12.1715],[77.7291,12.16],[77.7391,12.1479],[77.7402,12.1293],[77.7473,12.1223],[77.767,12.1091],[77.7628,12.0975],[77.7505,12.0805],[77.7461,12.0693],[77.734,12.0602],[77.7204,12.0534],[77.7126,12.0414],[77.7072,12.0333],[77.6941,12.0152],[77.6812,11.9912],[77.6671,11.9589],[77.6647,11.9397],[77.6548,11.9374],[77.6434,11.9442],[77.6302,11.938],[77.6152,11.9341],[77.6037,11.9303],[77.5914,11.9263],[77.579,11.9283],[77.548,11.9307],[77.5313,11.9265],[77.5237,11.9215],[77.514,11.9257],[77.5006,11.9272],[77.4904,11.9297],[77.4839,11.9215],[77.4795,11.9004],[77.476,11.8896],[77.4769,11.876],[77.4704,11.8836],[77.4539,11.8906],[77.453,11.8759],[77.4539,11.8573],[77.451,11.8443],[77.4516,11.8234],[77.4466,11.8163],[77.4425,11.8065],[77.4409,11.7913],[77.4362,11.7818],[77.4311,11.7717],[77.4238,11.7661],[77.4193,11.7507],[77.4125,11.7561],[77.4065,11.7623],[77.3819,11.7762],[77.3622,11.7758],[77.3509,11.7686],[77.3261,11.7589],[77.3136,11.77],[77.3062,11.7787],[77.2905,11.7942],[77.2783,11.7897],[77.2485,11.8009],[77.2413,11.794],[77.2271,11.7837],[77.2039,11.7845],[77.1897,11.7828],[77.1784,11.7795],[77.1659,11.7742],[77.1438,11.7713],[77.1346,11.7664],[77.1274,11.7609],[77.1139,11.7618],[77.1028,11.7631],[77.1057,11.7506],[77.1054,11.7316],[77.1083,11.7224],[77.0963,11.7231],[77.0759,11.7239],[77.0501,11.7577],[77.0619,11.7721],[77.0525,11.7792],[77.0413,11.7776],[77.0276,11.7617],[77.0303,11.7783],[77.0286,11.7891],[77.0186,11.7973],[77.0044,11.803],[76.9904,11.7993],[76.9728,11.8011],[76.9748,11.791],[76.9654,11.7765],[76.9596,11.7652],[76.9532,11.7713],[76.9444,11.7813],[76.9358,11.7767],[76.9267,11.7809],[76.9135,11.7804],[76.8997,11.7833],[76.8934,11.7773],[76.888,11.7659],[76.8885,11.7504],[76.8817,11.7301],[76.8756,11.7179],[76.8646,11.7105],[76.8536,11.6988],[76.8491,11.6872],[76.8447,11.6774],[76.8384,11.6647],[76.8323,11.6527],[76.8285,11.6441],[76.8297,11.6293],[76.8388,11.6234],[76.8416,11.6132],[76.8509,11.6018],[76.8473,11.5886],[76.8373,11.5745],[76.8335,11.587],[76.8236,11.5913],[76.8165,11.5972],[76.7908,11.5997],[76.7808,11.6036],[76.7514,11.6067],[76.7354,11.6052],[76.7202,11.6051],[76.7075,11.6059],[76.6931,11.6044],[76.679,11.6041],[76.6644,11.6051],[76.6337,11.6035],[76.6079,11.6004],[76.5967,11.6034],[76.5862,11.608],[76.5748,11.6057],[76.5601,11.6101],[76.5532,11.6195],[76.5471,11.6358],[76.5452,11.6483],[76.543,11.663],[76.5353,11.677],[76.5247,11.686],[76.5131,11.6942],[76.5042,11.698],[76.4878,11.6855],[76.4738,11.6842],[76.4666,11.6723],[76.4514,11.6551],[76.4313,11.6566],[76.4176,11.6634],[76.4074,11.6695],[76.4022,11.6831],[76.4029,11.6995],[76.4111,11.71],[76.4189,11.7171],[76.412,11.7343],[76.4108,11.7465],[76.4133,11.7604],[76.4083,11.7703],[76.4133,11.7802],[76.4213,11.7848],[76.417,11.7933],[76.4032,11.8003],[76.4161,11.7984],[76.4466,11.7878],[76.4542,11.7833],[76.4623,11.8098],[76.48,11.8121],[76.4815,11.8316],[76.4833,11.8514],[76.4965,11.8528],[76.5062,11.8569],[76.5197,11.8603],[76.5325,11.8601],[76.5474,11.8487],[76.5499,11.8826],[76.5631,11.8983],[76.567,11.9068],[76.5642,11.9177],[76.5524,11.9383],[76.5576,11.9456],[76.5657,11.9563],[76.5708,11.9692],[76.5801,11.9753],[76.5992,11.9819],[76.6138,11.9801],[76.6308,11.9735],[76.6386,11.9794],[76.6435,11.9933],[76.6498,12.0015],[76.6609,12.0004],[76.6688,11.9942],[76.6863,11.9896],[76.6936,11.9814],[76.7084,11.9744],[76.7174,11.9803],[76.7261,11.9891],[76.7328,12.0029],[76.7371,11.9949],[76.7449,11.9899],[76.7588,11.9885],[76.7641,11.9808],[76.7736,11.9741],[76.7872,11.9775],[76.7908,11.9928],[76.7844,12.0015],[76.7943,12.009],[76.8037,12.017],[76.8145,12.0105],[76.826,11.9987],[76.832,11.9902],[76.8472,11.9882],[76.8552,11.9926],[76.8656,11.9979],[76.8762,12.0067],[76.8781,11.9925],[76.8902,11.9873],[76.901,11.9924],[76.9172,12.0037],[76.9298,12.0075],[76.9306,12.0188],[76.9154,12.018],[76.9072,12.0251],[76.8989,12.0347],[76.8889,12.0408],[76.8838,12.0507],[76.8631,12.0486],[76.8488,12.0525],[76.8634,12.057],[76.867,12.0676],[76.8749,12.0763],[76.8697,12.1003],[76.8566,12.1105],[76.84,12.1102],[76.8253,12.1207],[76.8326,12.1364],[76.8348,12.1484],[76.8455,12.1516],[76.8395,12.1583],[76.8445,12.1704],[76.8545,12.1724],[76.8612,12.1612],[76.8617,12.1406],[76.8695,12.1259],[76.8795,12.1196],[76.8848,12.1122],[76.8959,12.1138],[76.9026,12.1053],[76.915,12.1059],[76.9248,12.096],[76.9324,12.0911],[76.9462,12.0934],[76.9596,12.1031],[76.9649,12.1127],[76.9683,12.1257],[76.978,12.1325],[76.9806,12.1539],[76.9836,12.1651],[76.991,12.1584],[76.9982,12.1521],[77.0033,12.1436],[77.006,12.1332],[77.0213,12.1306],[77.0304,12.1224],[77.0372,12.1314],[77.0313,12.1397],[77.0373,12.1608],[77.0502,12.1629],[77.0671,12.1762],[77.081,12.1819],[77.0997,12.1814],[77.1193,12.1956],[77.1227,12.2065],[77.1258,12.2192],[77.1171,12.2271],[77.104,12.2342],[77.1248,12.2408],[77.137,12.2425],[77.1558,12.2481],[77.1598,12.2582],[77.159,12.2815],[77.1592,12.294],[77.184,12.2996],[77.2058,12.2996],[77.2164,12.2963],[77.2251,12.3009],[77.2405,12.2987],[77.2545,12.3038],[77.2705,12.2997]]]]}},{"type":"Feature","properties":{"district":"Chikkamagaluru","center":[13.4303,75.6867]},"geometry":{"type":"MultiPolygon","coordinates":[[[[76.0957,13.8584],[76.1026,13.835],[76.1132,13.8064],[76.1277,13.8073],[76.1308,13.7813],[76.1355,13.7656],[76.1397,13.7554],[76.1482,13.7243],[76.1615,13.7225],[76.17,13.7145],[76.1804,13.708],[76.1986,13.7041],[76.2171,13.706],[76.2181,13.69],[76.2191,13.6732],[76.2327,13.6724],[76.2419,13.6595],[76.2515,13.6556],[76.2587,13.649],[76.283,13.6404],[76.2785,13.6268],[76.2743,13.606],[76.2789,13.5971],[76.2915,13.5892],[76.2999,13.5823],[76.3303,13.5885],[76.3374,13.5698],[76.3499,13.5719],[76.3598,13.5403],[76.3584,13.5242],[76.3446,13.5192],[76.341,13.5078],[76.329,13.5117],[76.3229,13.5177],[76.3194,13.5274],[76.3026,13.519],[76.2896,13.5201],[76.287,13.4983],[76.2592,13.4979],[76.2333,13.5015],[76.2358,13.4887],[76.2275,13.4813],[76.2312,13.4718],[76.2271,13.4615],[76.2115,13.4601],[76.196,13.4619],[76.1974,13.4509],[76.1906,13.4446],[76.1907,13.4579],[76.1743,13.4642],[76.1586,13.4643],[76.1542,13.4564],[76.1459,13.4455],[76.135,13.4359],[76.1362,13.4235],[76.1371,13.4111],[76.1317,13.3984],[76.1135,13.3948],[76.1066,13.3894],[76.0971,13.3859],[76.0848,13.3756],[76.0686,13.3695],[76.0589,13.3729],[76.0402,13.369],[76.0355,13.356],[76.0298,13.3411],[76.0319,13.3301],[76.0245,13.3237],[76.0339,13.3175],[76.0364,13.3075],[76.0375,13.2819],[76.0417,13.271],[76.0375,13.2513],[76.0354,13.2409],[76.0143,13.245],[76.0111,13.2539],[75.9965,13.2523],[75.9809,13.256],[75.9663,13.2534],[75.9511,13.2539],[75.9375,13.2521],[75.9155,13.2509],[75.9028,13.2533],[75.8959,13.2584],[75.8752,13.254],[75.8684,13.2427],[75.8609,13.2349],[75.8557,13.2469],[75.8398,13.2478],[75.826,13.2462],[75.8164,13.2513],[75.8067,13.2481],[75.8067,13.2322],[75.8066,13.2125],[75.7951,13.2068],[75.7776,13.2036],[75.7649,13.2077],[75.7519,13.2083],[75.7469,13.2007],[75.7323,13.1901],[75.7301,13.1795],[75.7313,13.1589],[75.7339,13.1474],[75.7417,13.1432],[75.7507,13.1339],[75.7469,13.1254],[75.7371,13.1191],[75.7343,13.1068],[75.7271,13.0994],[75.7273,13.0862],[75.7372,13.0718],[75.7391,13.0575],[75.7404,13.0366],[75.7376,13.0256],[75.7248,13.0186],[75.7129,13.0251],[75.7044,13.0291],[75.6925,13.0341],[75.6827,13.0291],[75.6683,13.0249],[75.6575,13.0203],[75.6475,13.0254],[75.6374,13.0167],[75.6302,13.0057],[75.622,12.997],[75.615,12.9832],[75.6067,12.9755],[75.6025,12.9672],[75.6029,12.9536],[75.5981,12.945],[75.5811,12.9361],[75.5662,12.9206],[75.5597,12.9134],[75.5524,12.925],[75.5529,12.9399],[75.5385,12.952],[75.527,12.9621],[75.5208,12.9693],[75.5139,12.9758],[75.5242,12.9876],[75.5294,12.9955],[75.5298,13.0123],[75.5191,13.024],[75.5233,13.0331],[75.5211,13.0482],[75.5113,13.0637],[75.5017,13.0735],[75.4858,13.0876],[75.4786,13.073],[75.467,13.0762],[75.4719,13.0858],[75.4628,13.0976],[75.4524,13.104],[75.4439,13.0986],[75.4401,13.1098],[75.4327,13.1154],[75.4233,13.1022],[75.4074,13.1056],[75.4088,13.126],[75.4089,13.1394],[75.4047,13.1523],[75.3974,13.1606],[75.3859,13.1699],[75.3761,13.1768],[75.364,13.1763],[75.3513,13.1788],[75.3349,13.1703],[75.3265,13.1622],[75.3238,13.1491],[75.3174,13.1403],[75.3135,13.1295],[75.2975,13.1275],[75.2856,13.1303],[75.2771,13.1233],[75.2633,13.1256],[75.2431,13.1327],[75.2228,13.1475],[75.2154,13.1524],[75.2109,13.1615],[75.2018,13.177],[75.1835,13.1902],[75.1761,13.1974],[75.1687,13.2029],[75.1668,13.2248],[75.1585,13.246],[75.1517,13.2647],[75.1388,13.2857],[75.1245,13.2834],[75.1155,13.2803],[75.1059,13.2912],[75.0949,13.3157],[75.0807,13.3404],[75.0896,13.3466],[75.0919,13.3581],[75.1081,13.3566],[75.1275,13.365],[75.1301,13.3746],[75.1327,13.3879],[75.142,13.3845],[75.1473,13.3935],[75.1409,13.4037],[75.1462,13.4147],[75.1519,13.4246],[75.1538,13.4363],[75.1538,13.4506],[75.145,13.4546],[75.1384,13.463],[75.1474,13.4766],[75.1536,13.4866],[75.1612,13.494],[75.1675,13.4997],[75.1827,13.5035],[75.1951,13.5083],[75.2083,13.5127],[75.2243,13.5236],[75.225,13.5481],[75.2175,13.5571],[75.2263,13.5624],[75.2192,13.5745],[75.212,13.5814],[75.2192,13.5925],[75.228,13.599],[75.2393,13.6004],[75.2518,13.5943],[75.2573,13.5854],[75.2647,13.5808],[75.268,13.5689],[75.2771,13.5599],[75.2891,13.5715],[75.296,13.5804],[75.3084,13.582],[75.321,13.588],[75.3296,13.5806],[75.3416,13.5831],[75.3559,13.5917],[75.3694,13.5954],[75.3669,13.6092],[75.3736,13.6232],[75.379,13.6124],[75.3888,13.6098],[75.394,13.6213],[75.407,13.6218],[75.4134,13.6361],[75.4146,13.6497],[75.4082,13.6675],[75.4011,13.6813],[75.3942,13.6961],[75.3837,13.7001],[75.3942,13.7039],[75.4029,13.6991],[75.4194,13.7026],[75.427,13.7107],[75.4375,13.7136],[75.4485,13.719],[75.459,13.7257],[75.4618,13.7385],[75.4884,13.7558],[75.5026,13.76],[75.51,13.7505],[75.5206,13.7438],[75.5282,13.7339],[75.5353,13.7269],[75.5525,13.7302],[75.5593,13.7354],[75.5674,13.7447],[75.5724,13.752],[75.5872,13.7536],[75.6053,13.7563],[75.6084,13.7468],[75.6149,13.7386],[75.6266,13.7289],[75.6179,13.7172],[75.6207,13.7049],[75.6306,13.6991],[75.6424,13.7003],[75.6488,13.7088],[75.6707,13.7158],[75.6678,13.7268],[75.659,13.7367],[75.6627,13.7503],[75.6692,13.7588],[75.6767,13.7463],[75.6863,13.7513],[75.7092,13.7618],[75.7317,13.7645],[75.7393,13.7704],[75.7481,13.7751],[75.7609,13.7757],[75.7589,13.7886],[75.7714,13.7895],[75.7899,13.7912],[75.8052,13.7895],[75.823,13.8126],[75.8343,13.809],[75.8608,13.8054],[75.8777,13.8054],[75.8938,13.8009],[75.9093,13.8016],[75.9234,13.8064],[75.9385,13.8066],[75.9481,13.81],[75.9459,13.8228],[75.9567,13.834],[75.9691,13.85],[75.9781,13.842],[75.9976,13.8528],[76.0068,13.8621],[76.0187,13.8572],[76.0285,13.8644],[76.0317,13.8836],[76.0478,13.8945],[76.0513,13.883],[76.0615,13.8739],[76.0777,13.8735],[76.0957,13.8584]]]]}},{"type":"Feature","properties":{"district":"Chitradurga","center":[14.2835,76.5778]},"geometry":{"type":"MultiPolygon","coordinates":[[[[76.7171,15.0301],[76.7303,15.028],[76.7336,15.0191],[76.7276,15.0091],[76.7248,14.9991],[76.7325,14.982],[76.7527,14.981],[76.7619,14.9753],[76.7721,14.9686],[76.7969,14.9629],[76.8155,14.9638],[76.8236,14.9536],[76.8359,14.9591],[76.8645,14.964],[76.8655,14.9376],[76.8635,14.9156],[76.8627,14.9018],[76.8603,14.8912],[76.8461,14.8903],[76.8491,14.8799],[76.8517,14.8625],[76.8494,14.8387],[76.8401,14.83],[76.8445,14.8156],[76.8487,14.804],[76.835,14.8001],[76.8338,14.7849],[76.8207,14.7866],[76.811,14.7814],[76.7803,14.7793],[76.7864,14.7619],[76.795,14.7411],[76.7855,14.7071],[76.7811,14.6905],[76.7713,14.6738],[76.7695,14.6563],[76.763,14.6119],[76.7602,14.602],[76.7728,14.5872],[76.7782,14.5793],[76.7841,14.562],[76.7947,14.5407],[76.7997,14.5277],[76.8109,14.5238],[76.8197,14.5203],[76.8321,14.5151],[76.8439,14.5091],[76.8542,14.4989],[76.8604,14.4871],[76.8638,14.4747],[76.8702,14.4684],[76.8803,14.4705],[76.8943,14.4808],[76.9065,14.4842],[76.9454,14.4822],[76.9558,14.4796],[76.9691,14.4791],[76.9742,14.4704],[76.9644,14.4517],[76.9586,14.4454],[76.9438,14.4451],[76.9443,14.4252],[76.9447,14.4089],[76.9416,14.3995],[76.919,14.4115],[76.9012,14.3983],[76.8923,14.3929],[76.8786,14.3514],[76.8854,14.3396],[76.899,14.3192],[76.9168,14.3123],[76.9366,14.3084],[76.9467,14.3004],[76.9487,14.2868],[76.9355,14.2766],[76.9249,14.2722],[76.9336,14.2535],[76.9378,14.2401],[76.9514,14.2342],[76.9697,14.2352],[76.9825,14.2382],[76.9928,14.233],[77.0041,14.2316],[76.9967,14.2252],[77.0028,14.2131],[76.9985,14.192],[77.0095,14.1875],[77.02,14.1779],[77.0061,14.1749],[76.9944,14.1737],[76.9782,14.1729],[76.9657,14.1743],[76.9538,14.181],[76.944,14.1883],[76.9415,14.178],[76.9392,14.1677],[76.923,14.1634],[76.8968,14.1619],[76.8892,14.1509],[76.8869,14.1362],[76.8909,14.1278],[76.9125,14.1221],[76.9224,14.129],[76.9374,14.1152],[76.9466,14.103],[76.9485,14.0914],[76.929,14.0736],[76.9238,14.0657],[76.9217,14.0522],[76.9053,14.0547],[76.8903,14.045],[76.8773,14.011],[76.8705,14.0058],[76.8554,14.0056],[76.8376,14.009],[76.8273,13.9983],[76.8199,13.9878],[76.8312,13.979],[76.8437,13.972],[76.8442,13.9561],[76.8183,13.942],[76.8147,13.9309],[76.8096,13.9098],[76.7767,13.9172],[76.763,13.9168],[76.7493,13.9124],[76.75,13.9011],[76.7322,13.8975],[76.7215,13.8933],[76.7259,13.8739],[76.7541,13.8347],[76.762,13.8293],[76.7623,13.8135],[76.7645,13.7933],[76.7586,13.773],[76.731,13.7771],[76.7203,13.7899],[76.7118,13.7839],[76.707,13.776],[76.6933,13.7631],[76.6846,13.7371],[76.6827,13.724],[76.6855,13.7136],[76.6815,13.6823],[76.6692,13.6999],[76.6697,13.7118],[76.6553,13.7145],[76.6448,13.7115],[76.635,13.7079],[76.6222,13.7259],[76.6116,13.7232],[76.6,13.7184],[76.5838,13.7121],[76.5686,13.7071],[76.5723,13.6925],[76.5744,13.6817],[76.5594,13.6767],[76.55,13.6719],[76.535,13.6555],[76.5259,13.6517],[76.5153,13.633],[76.5073,13.6231],[76.4948,13.6201],[76.4864,13.6162],[76.4672,13.614],[76.4566,13.6108],[76.4569,13.5907],[76.4507,13.5835],[76.4358,13.5872],[76.4267,13.5841],[76.421,13.5755],[76.4117,13.5717],[76.4018,13.5836],[76.3852,13.577],[76.3761,13.5801],[76.3557,13.5763],[76.3434,13.569],[76.3303,13.5885],[76.3078,13.5846],[76.2892,13.5845],[76.2834,13.5944],[76.2758,13.5996],[76.2785,13.6268],[76.2831,13.6375],[76.2624,13.6421],[76.2515,13.6556],[76.2419,13.6595],[76.2327,13.6724],[76.2191,13.6732],[76.2181,13.69],[76.2171,13.706],[76.1986,13.7041],[76.1804,13.708],[76.17,13.7145],[76.1615,13.7225],[76.1482,13.7243],[76.1397,13.7554],[76.1355,13.7656],[76.1308,13.7813],[76.1281,13.7961],[76.1132,13.8064],[76.1026,13.835],[76.0973,13.8546],[76.0845,13.8689],[76.0615,13.8739],[76.0513,13.883],[76.0478,13.8945],[76.0315,13.8909],[76.0287,13.9109],[76.0439,13.9351],[76.0572,13.9347],[76.0667,13.941],[76.0678,13.9598],[76.0698,13.975],[76.0558,13.9725],[76.0423,13.9811],[76.0431,13.9951],[76.0427,14.0075],[76.0473,14.0193],[76.045,14.0412],[76.0518,14.0607],[76.0516,14.0788],[76.0468,14.0925],[76.0334,14.0855],[76.0286,14.0942],[76.0229,14.1028],[76.0249,14.1134],[76.0313,14.1288],[76.0392,14.1373],[76.0441,14.1488],[76.0592,14.154],[76.0631,14.1654],[76.0566,14.1766],[76.0558,14.1962],[76.0617,14.2099],[76.0702,14.2212],[76.0776,14.2388],[76.1078,14.2416],[76.1294,14.2499],[76.1278,14.2665],[76.121,14.2762],[76.116,14.2916],[76.1083,14.3031],[76.1181,14.317],[76.1384,14.3175],[76.1544,14.3148],[76.1528,14.3461],[76.1487,14.3589],[76.1496,14.3706],[76.1543,14.379],[76.1499,14.3933],[76.1449,14.403],[76.1391,14.414],[76.1455,14.4262],[76.1599,14.4364],[76.1696,14.4406],[76.173,14.4523],[76.2023,14.4518],[76.2157,14.4373],[76.2283,14.4415],[76.2437,14.4391],[76.2588,14.4368],[76.2635,14.4248],[76.2691,14.4079],[76.2757,14.4007],[76.2952,14.4027],[76.3095,14.4013],[76.33,14.4016],[76.3377,14.4094],[76.3465,14.4131],[76.369,14.4153],[76.3822,14.4199],[76.394,14.4261],[76.4218,14.4336],[76.4445,14.4438],[76.4567,14.4459],[76.4535,14.4697],[76.4553,14.4904],[76.4663,14.4958],[76.4804,14.4981],[76.4928,14.5049],[76.5045,14.5108],[76.5297,14.5302],[76.5224,14.5455],[76.509,14.5494],[76.5257,14.5584],[76.5413,14.5652],[76.5498,14.5756],[76.5674,14.5881],[76.5745,14.603],[76.582,14.6101],[76.5966,14.6165],[76.5948,14.6274],[76.6094,14.6441],[76.6003,14.6485],[76.5958,14.6609],[76.6049,14.6641],[76.6082,14.6815],[76.6174,14.6895],[76.6316,14.6983],[76.6376,14.7061],[76.6454,14.7132],[76.6489,14.7237],[76.6486,14.7398],[76.6467,14.7516],[76.658,14.7651],[76.6637,14.7734],[76.6678,14.783],[76.6809,14.8014],[76.6891,14.8066],[76.6985,14.8107],[76.7117,14.8108],[76.7312,14.8063],[76.7387,14.8179],[76.7222,14.8248],[76.7108,14.8345],[76.7119,14.8491],[76.7054,14.8675],[76.6945,14.8839],[76.6789,14.8832],[76.6751,14.892],[76.6745,14.9062],[76.662,14.9109],[76.658,14.9368],[76.6756,14.9344],[76.689,14.926],[76.7022,14.9253],[76.7038,14.9365],[76.715,14.9589],[76.7093,14.9699],[76.6887,14.9733],[76.6825,14.9802],[76.6776,14.9954],[76.6715,15.006],[76.679,15.0197],[76.6874,15.014],[76.6992,15.0117],[76.6998,15.0262],[76.7171,15.0301]]]]}},{"type":"Feature","properties":{"district":"Dakshina Kannada","center":[12.8287,75.2092]},"geometry":{"type":"MultiPolygon","coordinates":[[[[75.3513,13.1788],[75.364,13.1763],[75.3761,13.1768],[75.3859,13.1699],[75.3974,13.1606],[75.4047,13.1523],[75.4087,13.1424],[75.4088,13.126],[75.4098,13.1113],[75.416,13.102],[75.4273,13.1089],[75.4401,13.1098],[75.4439,13.0986],[75.4524,13.104],[75.4628,13.0976],[75.4719,13.0858],[75.467,13.0762],[75.4786,13.073],[75.4858,13.0876],[75.5017,13.0735],[75.5113,13.0637],[75.5171,13.0544],[75.524,13.0435],[75.5202,13.0283],[75.5256,13.0194],[75.5304,13.0014],[75.5242,12.9876],[75.5139,12.9758],[75.5208,12.9693],[75.527,12.9621],[75.5328,12.9547],[75.5476,12.9432],[75.5524,12.925],[75.5549,12.91],[75.5585,12.8841],[75.5618,12.8737],[75.5607,12.8627],[75.5753,12.8676],[75.5936,12.8714],[75.6001,12.8656],[75.6121,12.856],[75.6207,12.8521],[75.6141,12.8287],[75.6169,12.8151],[75.6119,12.7931],[75.6231,12.7832],[75.632,12.7707],[75.6383,12.7647],[75.649,12.7481],[75.6564,12.7408],[75.6497,12.7221],[75.6394,12.7105],[75.6302,12.7035],[75.6308,12.6867],[75.6699,12.6952],[75.6568,12.6808],[75.6513,12.6699],[75.6459,12.6613],[75.6423,12.6472],[75.6414,12.6344],[75.6512,12.6163],[75.6548,12.5988],[75.6613,12.5894],[75.6622,12.5691],[75.6695,12.5496],[75.6643,12.5417],[75.655,12.5366],[75.6417,12.5327],[75.6326,12.5232],[75.6249,12.5149],[75.6176,12.508],[75.6026,12.5068],[75.5995,12.5158],[75.5929,12.5267],[75.5766,12.5153],[75.57,12.5079],[75.5599,12.5026],[75.5648,12.4876],[75.5554,12.4848],[75.5356,12.4903],[75.5218,12.4842],[75.5067,12.4809],[75.4973,12.4768],[75.4908,12.4631],[75.4848,12.4558],[75.4784,12.4615],[75.4628,12.4669],[75.4609,12.4802],[75.4697,12.4927],[75.4611,12.5022],[75.4537,12.5075],[75.4402,12.5177],[75.4314,12.5118],[75.4199,12.5086],[75.4145,12.4967],[75.4042,12.4896],[75.3973,12.4978],[75.3866,12.4919],[75.3772,12.4864],[75.3706,12.481],[75.3721,12.4688],[75.3627,12.4649],[75.3556,12.458],[75.3409,12.456],[75.3383,12.4733],[75.3356,12.485],[75.3281,12.4918],[75.3142,12.492],[75.3074,12.4974],[75.3047,12.5173],[75.2918,12.5207],[75.2811,12.5181],[75.2724,12.5399],[75.2709,12.5535],[75.2768,12.5641],[75.2914,12.5749],[75.3031,12.5735],[75.3162,12.5687],[75.3263,12.5744],[75.3279,12.5852],[75.3083,12.5879],[75.3015,12.5991],[75.2911,12.5966],[75.281,12.608],[75.2679,12.6057],[75.2621,12.593],[75.2562,12.5857],[75.2502,12.5792],[75.24,12.574],[75.2363,12.5618],[75.2229,12.5626],[75.2169,12.5711],[75.2108,12.584],[75.2095,12.5973],[75.2024,12.6027],[75.1995,12.6131],[75.2028,12.6231],[75.1899,12.6271],[75.1775,12.6222],[75.17,12.6166],[75.1549,12.6196],[75.1477,12.6287],[75.1412,12.6378],[75.1503,12.6419],[75.1551,12.6537],[75.1613,12.6641],[75.1507,12.6689],[75.1392,12.6728],[75.1269,12.6733],[75.1127,12.6759],[75.1087,12.6849],[75.0993,12.6934],[75.0861,12.6978],[75.0874,12.676],[75.0831,12.6664],[75.0703,12.658],[75.0609,12.6615],[75.0478,12.6601],[75.0431,12.6706],[75.0447,12.6874],[75.0546,12.6836],[75.0522,12.6982],[75.0529,12.7098],[75.0462,12.7163],[75.0314,12.717],[75.0191,12.7148],[75.0071,12.7092],[75.0109,12.7193],[75.0002,12.7274],[74.993,12.7331],[74.9861,12.7385],[74.9953,12.7448],[75.0043,12.754],[75.0078,12.7651],[75.0041,12.7736],[75.0053,12.7855],[74.9923,12.7905],[74.9873,12.7779],[74.9707,12.7726],[74.9603,12.779],[74.9373,12.7722],[74.9091,12.763],[74.8978,12.7554],[74.8887,12.7524],[74.878,12.7502],[74.8671,12.7545],[74.8632,12.7626],[74.8596,12.7718],[74.856,12.781],[74.8515,12.7888],[74.8463,12.796],[74.8429,12.8054],[74.8393,12.8149],[74.8363,12.824],[74.8332,12.8332],[74.829,12.8413],[74.8235,12.8482],[74.821,12.8585],[74.8182,12.8688],[74.8162,12.879],[74.814,12.8896],[74.8118,12.9007],[74.8099,12.911],[74.8068,12.921],[74.8162,12.9238],[74.809,12.9296],[74.804,12.9371],[74.8021,12.9476],[74.8001,12.9579],[74.7982,12.9685],[74.796,12.9785],[74.794,12.989],[74.7913,12.9985],[74.7887,13.0088],[74.7868,13.0193],[74.7846,13.0307],[74.7821,13.0404],[74.7801,13.0507],[74.7782,13.0621],[74.776,13.0732],[74.7796,13.0646],[74.7787,13.076],[74.781,13.086],[74.7796,13.0968],[74.7895,13.1006],[74.7962,13.0937],[74.8004,13.1034],[74.7966,13.1122],[74.8087,13.1098],[74.816,13.1178],[74.8284,13.1244],[74.8399,13.123],[74.8555,13.1208],[74.8697,13.116],[74.8735,13.1069],[74.8749,13.0932],[74.8868,13.0953],[74.8919,13.0777],[74.8894,13.0655],[74.8858,13.0529],[74.8868,13.0398],[74.8971,13.0326],[74.9072,13.0194],[74.9062,13.0358],[74.9181,13.0339],[74.9287,13.0299],[74.9338,13.0193],[74.9289,13.0046],[74.9416,13.0005],[74.9461,13.0081],[74.9572,13.014],[74.9654,13.0094],[74.9784,13.0229],[74.9965,13.0144],[74.996,13.0025],[74.9874,12.9971],[74.9902,12.9848],[75.0005,12.983],[75.0145,12.9799],[75.0184,12.9898],[75.0301,12.9933],[75.0307,13.0118],[75.045,13.0149],[75.0524,13.023],[75.0624,13.0288],[75.0684,13.0416],[75.0802,13.046],[75.0826,13.0608],[75.0894,13.0699],[75.0985,13.0767],[75.1023,13.089],[75.1081,13.0963],[75.118,13.1046],[75.1245,13.1188],[75.1274,13.128],[75.1389,13.13],[75.1478,13.1227],[75.1574,13.1275],[75.1673,13.1357],[75.1753,13.1425],[75.1821,13.1565],[75.1909,13.1607],[75.199,13.1683],[75.2109,13.1615],[75.2154,13.1524],[75.2228,13.1475],[75.2362,13.1341],[75.2534,13.1243],[75.2699,13.1227],[75.2824,13.1294],[75.2903,13.1231],[75.3098,13.1277],[75.3167,13.1342],[75.3237,13.1431],[75.3229,13.1546],[75.3285,13.1658],[75.3428,13.1767],[75.3513,13.1788]]]]}},{"type":"Feature","properties":{"district":"Davanagere","center":[14.3438,75.9207]},"geometry":{"type":"MultiPolygon","coordinates":[[[[76.0631,14.9072],[76.0743,14.9058],[76.0811,14.8999],[76.0659,14.8791],[76.073,14.8641],[76.107,14.8648],[76.1197,14.8661],[76.1293,14.8619],[76.1547,14.8559],[76.156,14.8435],[76.1779,14.8431],[76.1905,14.8309],[76.1944,14.8198],[76.1837,14.8163],[76.1622,14.8241],[76.1522,14.8181],[76.143,14.8052],[76.1479,14.7859],[76.1682,14.7806],[76.1798,14.7618],[76.1898,14.7639],[76.2005,14.7461],[76.2022,14.7354],[76.1983,14.7241],[76.1894,14.7181],[76.1847,14.6962],[76.1929,14.6768],[76.2028,14.6733],[76.2159,14.6585],[76.229,14.6442],[76.2333,14.6541],[76.24,14.675],[76.2472,14.6893],[76.2558,14.6943],[76.27,14.6913],[76.2755,14.6821],[76.2898,14.6825],[76.3029,14.6857],[76.3151,14.6875],[76.3272,14.6852],[76.3362,14.6813],[76.3387,14.6701],[76.3487,14.661],[76.3622,14.6611],[76.3744,14.6589],[76.3727,14.6447],[76.3886,14.6442],[76.3915,14.6229],[76.4033,14.6182],[76.4194,14.6197],[76.4294,14.614],[76.4284,14.5972],[76.4219,14.5764],[76.4426,14.5745],[76.4905,14.564],[76.5048,14.5587],[76.509,14.5494],[76.5224,14.5455],[76.5304,14.5343],[76.5091,14.5154],[76.4988,14.5072],[76.4804,14.4981],[76.4663,14.4958],[76.4553,14.4904],[76.4549,14.4785],[76.4567,14.4459],[76.4445,14.4438],[76.4244,14.4426],[76.3984,14.4295],[76.3912,14.4215],[76.3806,14.4153],[76.3465,14.4131],[76.3377,14.4094],[76.33,14.4016],[76.3095,14.4013],[76.2952,14.4027],[76.2829,14.4],[76.2691,14.4079],[76.2646,14.4161],[76.2588,14.4368],[76.2437,14.4391],[76.2283,14.4415],[76.2169,14.4371],[76.2068,14.4491],[76.1827,14.4534],[76.1724,14.4452],[76.1599,14.4364],[76.1455,14.4262],[76.1355,14.4209],[76.1405,14.4088],[76.1495,14.4014],[76.1543,14.379],[76.1496,14.3706],[76.1487,14.3589],[76.1528,14.3461],[76.1554,14.3236],[76.1384,14.3175],[76.1181,14.317],[76.1085,14.3106],[76.1112,14.2972],[76.1163,14.2814],[76.125,14.2729],[76.1302,14.258],[76.1151,14.2429],[76.0776,14.2388],[76.0702,14.2212],[76.0597,14.2149],[76.0628,14.2008],[76.0555,14.1834],[76.061,14.1751],[76.0602,14.1632],[76.0488,14.15],[76.0445,14.1404],[76.0313,14.1288],[76.0249,14.1134],[76.0229,14.1028],[76.0286,14.0942],[76.0334,14.0855],[76.0447,14.0929],[76.0501,14.0858],[76.0529,14.0673],[76.0457,14.0473],[76.0473,14.0193],[76.0457,14.0086],[76.0428,13.9951],[76.0423,13.9811],[76.0507,13.9708],[76.0698,13.975],[76.0678,13.9598],[76.0667,13.941],[76.0572,13.9347],[76.0439,13.9351],[76.0287,13.9109],[76.0294,13.8967],[76.0317,13.8836],[76.0303,13.8715],[76.0187,13.8572],[76.0147,13.8657],[75.9976,13.8528],[75.9873,13.8424],[75.9691,13.85],[75.9567,13.834],[75.948,13.8279],[75.9473,13.8154],[75.9417,13.8079],[75.9281,13.8077],[75.9185,13.8017],[75.9027,13.8025],[75.8823,13.8052],[75.8608,13.8054],[75.8343,13.809],[75.823,13.8126],[75.8052,13.7895],[75.7899,13.7912],[75.7764,13.7842],[75.764,13.7901],[75.7609,13.7757],[75.7481,13.7751],[75.7393,13.7704],[75.7317,13.7645],[75.712,13.7656],[75.6873,13.7619],[75.6876,13.7473],[75.6718,13.7586],[75.6627,13.7503],[75.6556,13.7432],[75.6649,13.734],[75.6741,13.7237],[75.6506,13.7136],[75.6424,13.7003],[75.6306,13.6991],[75.6207,13.7049],[75.6179,13.7172],[75.6249,13.7258],[75.6197,13.7353],[75.6109,13.74],[75.6083,13.7562],[75.6041,13.7849],[75.5913,13.7909],[75.6044,13.7925],[75.6066,13.808],[75.6103,13.8391],[75.6311,13.8464],[75.6393,13.8614],[75.6504,13.8633],[75.6548,13.8748],[75.6607,13.8826],[75.6558,13.893],[75.6699,13.8912],[75.6743,13.9072],[75.6846,13.9094],[75.7003,13.9099],[75.7117,13.9107],[75.7083,13.9261],[75.7077,13.9391],[75.7009,13.9463],[75.6881,13.9643],[75.6817,13.9736],[75.6796,13.9846],[75.6731,13.9955],[75.6756,14.0185],[75.6812,14.0283],[75.6929,14.0407],[75.7022,14.0488],[75.7186,14.0489],[75.7323,14.0519],[75.7305,14.0637],[75.7218,14.07],[75.7093,14.0685],[75.6698,14.0611],[75.6578,14.0628],[75.643,14.0707],[75.6311,14.0692],[75.6173,14.0715],[75.6116,14.0549],[75.5982,14.0563],[75.5855,14.0529],[75.5707,14.0613],[75.5543,14.0719],[75.5407,14.0747],[75.5159,14.0921],[75.5001,14.0938],[75.4899,14.098],[75.4811,14.0939],[75.4617,14.0946],[75.4516,14.0907],[75.4412,14.0976],[75.4239,14.1028],[75.4004,14.1103],[75.4164,14.1344],[75.4259,14.1438],[75.4395,14.153],[75.4608,14.1691],[75.4853,14.1699],[75.4692,14.1841],[75.4532,14.1997],[75.4622,14.2034],[75.4788,14.2105],[75.5078,14.2124],[75.5163,14.1991],[75.5275,14.2002],[75.5276,14.2182],[75.5275,14.2495],[75.5298,14.2728],[75.5415,14.2712],[75.5541,14.2712],[75.5791,14.2723],[75.5877,14.2842],[75.6023,14.289],[75.6092,14.31],[75.6322,14.3095],[75.6307,14.3215],[75.6222,14.3326],[75.6233,14.3572],[75.6289,14.3736],[75.6377,14.4016],[75.6402,14.4146],[75.6411,14.4264],[75.6343,14.4357],[75.6357,14.4599],[75.6479,14.4596],[75.66,14.4537],[75.6698,14.4562],[75.6746,14.464],[75.6792,14.4733],[75.6874,14.4856],[75.6997,14.4845],[75.7076,14.469],[75.721,14.4724],[75.7305,14.4859],[75.7365,14.4922],[75.7537,14.5094],[75.763,14.5127],[75.7949,14.5043],[75.7954,14.5163],[75.7966,14.5282],[75.8022,14.5403],[75.8179,14.5577],[75.8147,14.5721],[75.8089,14.5844],[75.8044,14.595],[75.8057,14.6073],[75.8107,14.6234],[75.8114,14.6471],[75.7993,14.6612],[75.7987,14.6762],[75.783,14.6739],[75.7706,14.67],[75.758,14.6721],[75.7395,14.6808],[75.7398,14.694],[75.7605,14.7138],[75.7636,14.7251],[75.7565,14.7344],[75.758,14.7591],[75.7604,14.7734],[75.7714,14.7807],[75.7892,14.7736],[75.8,14.7652],[75.813,14.7721],[75.8277,14.7784],[75.8352,14.7941],[75.8316,14.8134],[75.8244,14.8216],[75.8182,14.8324],[75.8066,14.8387],[75.8061,14.856],[75.8031,14.8701],[75.8136,14.8809],[75.8199,14.8962],[75.8326,14.8789],[75.8425,14.8858],[75.8497,14.8793],[75.8541,14.8673],[75.8585,14.8581],[75.8699,14.8503],[75.8736,14.8646],[75.8864,14.8655],[75.8991,14.8748],[75.9158,14.8844],[75.9316,14.8895],[75.9417,14.8928],[75.9521,14.8989],[75.9707,14.9031],[75.9769,14.8945],[75.9852,14.9026],[75.996,14.894],[76.0057,14.9011],[76.0115,14.8947],[76.0175,14.9031],[76.0299,14.915],[76.0428,14.9236],[76.0509,14.914],[76.0631,14.9072]]]]}},{"type":"Feature","properties":{"district":"Dharwad","center":[15.3667,75.1592]},"geometry":{"type":"MultiPolygon","coordinates":[[[[75.4984,15.6776],[75.5042,15.6564],[75.5181,15.6441],[75.536,15.6435],[75.5573,15.6445],[75.5525,15.617],[75.5455,15.6085],[75.5422,15.5925],[75.5352,15.5776],[75.5306,15.5593],[75.5308,15.5466],[75.5328,15.5354],[75.5205,15.5307],[75.5082,15.5273],[75.487,15.5278],[75.4824,15.5176],[75.4762,15.5086],[75.4741,15.4901],[75.4897,15.4853],[75.4961,15.4678],[75.4941,15.4532],[75.4995,15.4223],[75.4976,15.3941],[75.4955,15.3827],[75.494,15.369],[75.4834,15.3755],[75.4826,15.3897],[75.4729,15.3936],[75.4707,15.383],[75.4472,15.3821],[75.4503,15.3632],[75.4568,15.3554],[75.4599,15.3455],[75.4548,15.3343],[75.4513,15.3258],[75.4514,15.3077],[75.4448,15.298],[75.4303,15.2989],[75.4163,15.2975],[75.4142,15.2839],[75.4106,15.2748],[75.4209,15.2725],[75.4058,15.2694],[75.4134,15.2586],[75.419,15.2471],[75.4209,15.2307],[75.4267,15.2215],[75.4428,15.223],[75.4501,15.2122],[75.4369,15.2049],[75.4029,15.1953],[75.4015,15.1836],[75.4035,15.1705],[75.3991,15.162],[75.4084,15.1672],[75.4159,15.1596],[75.4193,15.1387],[75.4327,15.1206],[75.4365,15.1026],[75.4252,15.0951],[75.4196,15.0829],[75.4207,15.0705],[75.4199,15.0568],[75.4044,15.0547],[75.3842,15.0467],[75.3701,15.044],[75.365,15.0539],[75.3562,15.0587],[75.344,15.062],[75.338,15.0769],[75.3427,15.0857],[75.352,15.0921],[75.3446,15.1031],[75.3398,15.1202],[75.3397,15.1327],[75.3398,15.1563],[75.326,15.1533],[75.3114,15.1514],[75.3123,15.1368],[75.2922,15.1334],[75.2797,15.1188],[75.2654,15.1124],[75.2602,15.0932],[75.2559,15.1025],[75.2439,15.1009],[75.2302,15.1013],[75.2142,15.0956],[75.2,15.0946],[75.1898,15.0989],[75.1695,15.0969],[75.1625,15.1042],[75.1496,15.1005],[75.1415,15.1067],[75.145,15.1255],[75.1579,15.142],[75.1508,15.151],[75.1411,15.1558],[75.1349,15.1384],[75.1216,15.1353],[75.1096,15.1258],[75.1175,15.1204],[75.103,15.11],[75.0892,15.1058],[75.086,15.0787],[75.074,15.0674],[75.061,15.0699],[75.0425,15.0743],[75.0254,15.0658],[75.0107,15.0665],[74.9996,15.0694],[74.9865,15.0673],[74.9721,15.0673],[74.964,15.0619],[74.9484,15.0614],[74.9429,15.0489],[74.9306,15.0473],[74.9236,15.0391],[74.9146,15.0347],[74.9104,15.0465],[74.8964,15.0419],[74.8935,15.0526],[74.8898,15.0645],[74.8845,15.0811],[74.8934,15.0892],[74.8859,15.0966],[74.8733,15.0986],[74.8621,15.1008],[74.8571,15.1104],[74.8545,15.1202],[74.8434,15.1261],[74.8324,15.1305],[74.8393,15.1374],[74.8457,15.1508],[74.8522,15.1585],[74.8666,15.175],[74.8774,15.1875],[74.877,15.2003],[74.8853,15.2186],[74.8911,15.2302],[74.9108,15.2446],[74.9094,15.2723],[74.9022,15.2962],[74.8932,15.3045],[74.8857,15.2953],[74.8817,15.3042],[74.8703,15.3185],[74.863,15.3267],[74.8588,15.3378],[74.8505,15.3327],[74.8385,15.3307],[74.8301,15.3407],[74.8258,15.3641],[74.833,15.3722],[74.825,15.3812],[74.803,15.3742],[74.7903,15.3824],[74.7865,15.3913],[74.7743,15.3985],[74.7712,15.4136],[74.7583,15.4073],[74.7468,15.4089],[74.7389,15.4204],[74.7363,15.4355],[74.743,15.4435],[74.7491,15.4589],[74.7385,15.4658],[74.7338,15.4775],[74.7447,15.4894],[74.7587,15.4797],[74.7655,15.4671],[74.781,15.457],[74.7931,15.4699],[74.7912,15.482],[74.8035,15.491],[74.808,15.4986],[74.8143,15.506],[74.8156,15.5179],[74.802,15.5434],[74.8127,15.5466],[74.8231,15.5567],[74.8278,15.5644],[74.8444,15.5718],[74.838,15.5874],[74.8346,15.6069],[74.846,15.6043],[74.8599,15.6078],[74.8823,15.6143],[74.894,15.6273],[74.9116,15.6266],[74.923,15.624],[74.9361,15.6199],[74.9488,15.6198],[74.9672,15.6228],[74.9674,15.6399],[74.9708,15.6489],[74.9855,15.6454],[75.0033,15.6451],[75.0179,15.6422],[75.0252,15.6472],[75.0333,15.6662],[75.0505,15.6688],[75.0529,15.6794],[75.0646,15.6783],[75.0672,15.6674],[75.0634,15.6527],[75.0599,15.6336],[75.0849,15.6195],[75.0916,15.6088],[75.0991,15.6156],[75.1021,15.6481],[75.1036,15.6594],[75.1098,15.6691],[75.1261,15.6651],[75.1453,15.6568],[75.1734,15.6588],[75.1882,15.6546],[75.2055,15.6472],[75.2048,15.6737],[75.2208,15.6792],[75.2396,15.6767],[75.2437,15.6626],[75.2529,15.6437],[75.2753,15.6477],[75.2746,15.6646],[75.2809,15.6863],[75.2931,15.6887],[75.3065,15.6837],[75.3146,15.6765],[75.3288,15.6737],[75.3388,15.6715],[75.3386,15.6453],[75.3627,15.6432],[75.3644,15.6584],[75.3714,15.6657],[75.3917,15.662],[75.4044,15.6555],[75.4152,15.6528],[75.4214,15.6605],[75.4281,15.6679],[75.4437,15.6688],[75.4478,15.6775],[75.4686,15.6796],[75.4757,15.6851],[75.4719,15.6987],[75.4906,15.6993],[75.4984,15.6776]]]]}},{"type":"Feature","properties":{"district":"Gadag","center":[15.4973,75.6447]},"geometry":{"type":"MultiPolygon","coordinates":[[[[75.4616,15.8792],[75.4697,15.8736],[75.4826,15.8741],[75.4964,15.8712],[75.5071,15.8602],[75.5169,15.8557],[75.5233,15.8493],[75.5266,15.8383],[75.5399,15.8314],[75.5581,15.829],[75.5712,15.8283],[75.5773,15.8222],[75.5862,15.8303],[75.6012,15.8247],[75.618,15.8207],[75.6214,15.8324],[75.6329,15.8313],[75.6461,15.8381],[75.6493,15.828],[75.6578,15.8243],[75.6623,15.8324],[75.6745,15.8321],[75.6772,15.8206],[75.6871,15.8269],[75.6954,15.8229],[75.7118,15.8256],[75.7287,15.8154],[75.7381,15.8104],[75.78,15.8144],[75.7744,15.8246],[75.7762,15.8428],[75.7976,15.8441],[75.8082,15.8473],[75.8184,15.8435],[75.8254,15.8384],[75.8457,15.8347],[75.8761,15.8235],[75.8954,15.8108],[75.912,15.8013],[75.9272,15.7897],[75.9397,15.7856],[75.9631,15.781],[75.9768,15.797],[75.9891,15.7989],[75.9918,15.7858],[75.9956,15.7772],[76.0101,15.7795],[76.0324,15.7674],[76.0412,15.7606],[76.0357,15.7522],[76.0383,15.7347],[76.0453,15.7218],[76.0383,15.7134],[76.0245,15.7068],[76.0066,15.7134],[75.9995,15.7067],[75.9823,15.6875],[75.9824,15.6633],[75.9927,15.6703],[75.9994,15.6763],[76.0125,15.6782],[76.0148,15.6664],[75.9994,15.6583],[75.9723,15.66],[75.9662,15.6689],[75.9507,15.6735],[75.9406,15.6826],[75.9339,15.6889],[75.919,15.6948],[75.92,15.7179],[75.9116,15.7302],[75.9073,15.7392],[75.8972,15.7466],[75.8921,15.7353],[75.89,15.725],[75.8831,15.7139],[75.8713,15.7122],[75.8722,15.6702],[75.8863,15.6677],[75.8896,15.6456],[75.8863,15.6313],[75.8946,15.6215],[75.8989,15.6035],[75.8842,15.5964],[75.8679,15.5915],[75.8677,15.558],[75.8597,15.5103],[75.8328,15.5076],[75.8182,15.5047],[75.8234,15.4975],[75.8139,15.4924],[75.8102,15.4839],[75.8109,15.4724],[75.8185,15.4643],[75.8198,15.4529],[75.8306,15.4453],[75.8406,15.4397],[75.8593,15.441],[75.8586,15.4218],[75.8654,15.4041],[75.8831,15.4037],[75.9029,15.3988],[75.9025,15.3851],[75.9004,15.37],[75.9012,15.3548],[75.8869,15.3478],[75.8884,15.3306],[75.8912,15.3075],[75.8894,15.2843],[75.8987,15.2725],[75.8979,15.2543],[75.9009,15.2426],[75.9042,15.2336],[75.9184,15.2105],[75.9251,15.1915],[75.9251,15.1774],[75.9366,15.1708],[75.9459,15.1665],[75.9495,15.1333],[75.9313,15.137],[75.915,15.1303],[75.9046,15.1276],[75.8993,15.1153],[75.8846,15.103],[75.9068,15.076],[75.9065,15.0545],[75.8861,15.0491],[75.8768,15.0343],[75.8669,15.0296],[75.8558,15.0326],[75.8442,15.039],[75.8356,15.0316],[75.8099,15.0197],[75.7978,15.0068],[75.7855,14.9961],[75.7817,14.9783],[75.761,14.9625],[75.7538,14.952],[75.7432,14.9404],[75.7304,14.9443],[75.7018,14.9442],[75.6979,14.9598],[75.6915,14.9704],[75.6828,14.975],[75.6707,14.9827],[75.65,14.987],[75.6374,14.9888],[75.6322,14.9799],[75.6209,14.9764],[75.6115,14.9685],[75.6138,14.9552],[75.6052,14.9513],[75.5919,14.9556],[75.5843,14.9634],[75.5723,14.9681],[75.563,14.9751],[75.5447,14.9746],[75.5453,14.9929],[75.5441,15.0056],[75.5395,15.0231],[75.5212,15.0304],[75.513,15.0399],[75.4997,15.0433],[75.4868,15.0409],[75.4716,15.0431],[75.4617,15.0471],[75.4534,15.057],[75.4319,15.0577],[75.4211,15.0596],[75.4196,15.0829],[75.4272,15.092],[75.4365,15.1026],[75.4327,15.1206],[75.4193,15.1387],[75.4164,15.1484],[75.4105,15.1596],[75.404,15.1667],[75.4015,15.1836],[75.4029,15.1953],[75.4356,15.1952],[75.45,15.2047],[75.4428,15.223],[75.4267,15.2215],[75.4209,15.2307],[75.419,15.2471],[75.4134,15.2586],[75.4058,15.2694],[75.4209,15.2725],[75.4106,15.2748],[75.4142,15.2839],[75.4163,15.2975],[75.4278,15.2956],[75.4448,15.298],[75.4514,15.3077],[75.4513,15.3258],[75.4548,15.3343],[75.4599,15.3455],[75.4568,15.3554],[75.4503,15.3632],[75.4478,15.3731],[75.4707,15.383],[75.4729,15.3936],[75.4826,15.3897],[75.4834,15.3755],[75.494,15.369],[75.4955,15.3827],[75.4976,15.3941],[75.4995,15.4223],[75.4946,15.4433],[75.4958,15.4601],[75.4897,15.4853],[75.4741,15.4901],[75.4768,15.5007],[75.4777,15.5177],[75.487,15.5278],[75.5082,15.5273],[75.5205,15.5307],[75.5328,15.5354],[75.5308,15.5466],[75.5306,15.5593],[75.5328,15.5702],[75.5362,15.5873],[75.543,15.5993],[75.5493,15.6095],[75.5548,15.6357],[75.5468,15.6447],[75.5181,15.6441],[75.5051,15.6454],[75.4984,15.6776],[75.4918,15.6958],[75.4719,15.6987],[75.4757,15.6851],[75.4686,15.6796],[75.457,15.679],[75.4437,15.6688],[75.4281,15.6679],[75.4214,15.6605],[75.4152,15.6528],[75.4044,15.6555],[75.3917,15.662],[75.3714,15.6657],[75.3644,15.6584],[75.3627,15.6432],[75.3386,15.6453],[75.3394,15.662],[75.3356,15.6733],[75.3146,15.6765],[75.3065,15.6837],[75.2978,15.6886],[75.2809,15.6863],[75.2793,15.7187],[75.2776,15.7366],[75.2957,15.7372],[75.2945,15.7249],[75.316,15.7285],[75.3204,15.7418],[75.3205,15.7552],[75.3133,15.7622],[75.3057,15.7791],[75.3052,15.8027],[75.3178,15.8094],[75.3295,15.8101],[75.3327,15.8207],[75.3428,15.8236],[75.3441,15.8011],[75.3671,15.8021],[75.3751,15.8321],[75.3793,15.8404],[75.3952,15.8352],[75.408,15.8352],[75.4186,15.8381],[75.4293,15.8397],[75.4285,15.8266],[75.4189,15.7924],[75.4177,15.7809],[75.4396,15.7769],[75.4425,15.7914],[75.4524,15.7957],[75.4555,15.8085],[75.4621,15.8213],[75.46,15.8561],[75.457,15.8838],[75.4616,15.8792]]]]}},{"type":"Feature","properties":{"district":"Hassan","center":[12.971,76.1149]},"geometry":{"type":"MultiPolygon","coordinates":[[[[76.3789,13.5284],[76.3924,13.5279],[76.3972,13.5182],[76.4224,13.5175],[76.4149,13.5094],[76.4045,13.4986],[76.3939,13.4966],[76.3933,13.4852],[76.4031,13.4815],[76.4101,13.4714],[76.403,13.4528],[76.4137,13.4414],[76.4034,13.4263],[76.3991,13.4179],[76.3934,13.3963],[76.3872,13.3886],[76.3868,13.3736],[76.3829,13.3642],[76.3773,13.3576],[76.3604,13.3566],[76.3419,13.3539],[76.3426,13.3399],[76.3477,13.3181],[76.3448,13.3088],[76.3435,13.2956],[76.349,13.2841],[76.3519,13.2544],[76.3578,13.2437],[76.361,13.2276],[76.3754,13.225],[76.3745,13.2131],[76.3661,13.2048],[76.3675,13.1925],[76.38,13.1903],[76.3912,13.1862],[76.4053,13.186],[76.4112,13.1781],[76.4235,13.1724],[76.4368,13.1656],[76.4477,13.157],[76.4511,13.1467],[76.4627,13.1406],[76.4709,13.1345],[76.467,13.1182],[76.4651,13.1074],[76.4638,13.0954],[76.4675,13.0825],[76.4788,13.0859],[76.4903,13.088],[76.4952,13.0783],[76.5032,13.0688],[76.5118,13.0621],[76.5193,13.0667],[76.5277,13.0709],[76.5478,13.0692],[76.5586,13.0671],[76.5724,13.0658],[76.5868,13.0667],[76.5992,13.0662],[76.6113,13.0567],[76.6128,13.0457],[76.5988,13.0409],[76.5991,13.0289],[76.6013,13.0074],[76.607,12.9993],[76.6258,12.999],[76.629,12.9779],[76.6262,12.9652],[76.6143,12.9594],[76.6067,12.9534],[76.6135,12.9444],[76.6097,12.9313],[76.5968,12.9174],[76.5907,12.9107],[76.5952,12.8956],[76.5857,12.8841],[76.5902,12.8763],[76.5765,12.8657],[76.5717,12.8566],[76.5707,12.8412],[76.5566,12.8391],[76.5331,12.8359],[76.5194,12.8356],[76.5127,12.8213],[76.4993,12.8166],[76.4933,12.8078],[76.4871,12.8014],[76.4883,12.7808],[76.4949,12.7704],[76.4876,12.7758],[76.4761,12.7746],[76.4719,12.7657],[76.4569,12.7709],[76.4517,12.7786],[76.464,12.7884],[76.46,12.7975],[76.4469,12.8048],[76.4402,12.8159],[76.4222,12.8188],[76.4185,12.8382],[76.4239,12.8452],[76.4142,12.853],[76.4069,12.8597],[76.4072,12.8432],[76.3942,12.8413],[76.3846,12.8322],[76.3726,12.8215],[76.3652,12.8141],[76.3678,12.8034],[76.3524,12.8025],[76.3333,12.8064],[76.3262,12.8004],[76.3292,12.7862],[76.3355,12.7794],[76.3461,12.77],[76.3417,12.7618],[76.3522,12.746],[76.3418,12.7366],[76.3391,12.7257],[76.3426,12.7134],[76.3522,12.7057],[76.3598,12.7005],[76.357,12.6829],[76.3511,12.6762],[76.3487,12.6655],[76.3422,12.6589],[76.3394,12.6496],[76.3351,12.6395],[76.3183,12.6267],[76.3251,12.618],[76.3256,12.606],[76.3143,12.6042],[76.3061,12.6145],[76.2986,12.6211],[76.2892,12.6168],[76.2779,12.6116],[76.2775,12.6237],[76.2648,12.6228],[76.2603,12.6135],[76.2471,12.6178],[76.2433,12.6279],[76.2234,12.6369],[76.2071,12.6281],[76.2126,12.6178],[76.2073,12.6096],[76.1956,12.5966],[76.1896,12.5833],[76.193,12.5724],[76.1775,12.5688],[76.1633,12.5726],[76.1476,12.5638],[76.1528,12.5564],[76.1492,12.5406],[76.1414,12.536],[76.1325,12.5282],[76.1271,12.5198],[76.1144,12.5205],[76.1153,12.5086],[76.1021,12.5124],[76.0974,12.5202],[76.0843,12.5297],[76.0761,12.5364],[76.069,12.5418],[76.0517,12.546],[76.0437,12.5667],[76.0304,12.5681],[76.0199,12.5642],[76.0009,12.5687],[75.9934,12.5775],[75.9865,12.5669],[75.9685,12.5679],[75.9745,12.5537],[75.9623,12.5528],[75.9551,12.5667],[75.9493,12.585],[75.9387,12.5963],[75.9445,12.6051],[75.947,12.6166],[75.9342,12.6223],[75.9412,12.6289],[75.9355,12.6386],[75.9387,12.6497],[75.9454,12.6588],[75.9397,12.6671],[75.952,12.6716],[75.9581,12.6795],[75.9626,12.6944],[75.9576,12.7046],[75.9404,12.7107],[75.9361,12.7242],[75.9374,12.7429],[75.9353,12.7555],[75.9465,12.7577],[75.9543,12.7682],[75.961,12.7749],[75.9677,12.7834],[75.9706,12.7987],[75.949,12.7963],[75.9314,12.801],[75.9235,12.8068],[75.9228,12.8183],[75.9143,12.8116],[75.9025,12.8106],[75.8962,12.8213],[75.887,12.8256],[75.8758,12.8276],[75.8735,12.8172],[75.8617,12.8147],[75.8622,12.803],[75.8646,12.783],[75.8704,12.7744],[75.8679,12.7618],[75.858,12.7501],[75.8511,12.7445],[75.852,12.7323],[75.8484,12.7239],[75.863,12.7104],[75.8696,12.7035],[75.8793,12.7009],[75.884,12.6898],[75.8836,12.6709],[75.8756,12.6657],[75.8551,12.6634],[75.8448,12.666],[75.8357,12.663],[75.8275,12.6703],[75.8179,12.6848],[75.8084,12.6945],[75.8004,12.6896],[75.7903,12.6838],[75.7746,12.683],[75.7712,12.6737],[75.7591,12.6696],[75.7457,12.6739],[75.7363,12.6863],[75.729,12.6941],[75.7162,12.6978],[75.704,12.703],[75.6924,12.6967],[75.6781,12.6967],[75.6351,12.6909],[75.6272,12.6957],[75.636,12.71],[75.6483,12.7149],[75.6564,12.7408],[75.649,12.7481],[75.6404,12.7562],[75.6343,12.7656],[75.6267,12.776],[75.6202,12.7904],[75.6157,12.8051],[75.6137,12.8254],[75.6194,12.8444],[75.6146,12.8534],[75.6058,12.8607],[75.601,12.8711],[75.5838,12.8696],[75.5697,12.8648],[75.5618,12.8737],[75.5585,12.8841],[75.5538,12.9044],[75.5597,12.9134],[75.5662,12.9206],[75.5752,12.934],[75.596,12.939],[75.6029,12.9536],[75.6025,12.9672],[75.6067,12.9755],[75.615,12.9832],[75.6212,12.9953],[75.6268,13.003],[75.6365,13.0074],[75.6404,13.0234],[75.6533,13.0193],[75.6617,13.0258],[75.6781,13.0272],[75.6866,13.0345],[75.6953,13.0297],[75.7086,13.0307],[75.7189,13.0237],[75.7342,13.0221],[75.7383,13.0349],[75.7388,13.0495],[75.7403,13.0641],[75.7273,13.0862],[75.7271,13.0994],[75.7343,13.1068],[75.7329,13.1175],[75.7469,13.1254],[75.7507,13.1339],[75.7446,13.1411],[75.7362,13.1447],[75.7323,13.1559],[75.7279,13.1761],[75.732,13.1845],[75.741,13.2009],[75.7519,13.2083],[75.7649,13.2077],[75.7776,13.2036],[75.7889,13.2083],[75.8038,13.2098],[75.808,13.2241],[75.8057,13.2411],[75.8164,13.2513],[75.826,13.2462],[75.8392,13.2464],[75.8546,13.2521],[75.8569,13.2376],[75.8684,13.2427],[75.8752,13.254],[75.8932,13.2587],[75.9028,13.2533],[75.9155,13.2509],[75.9326,13.2496],[75.9435,13.2523],[75.9663,13.2534],[75.9809,13.256],[75.9927,13.2524],[76.0111,13.2539],[76.0143,13.245],[76.0354,13.2409],[76.0375,13.2513],[76.04,13.2664],[76.0375,13.2819],[76.0341,13.2983],[76.0349,13.3139],[76.0245,13.3237],[76.0319,13.3301],[76.027,13.3392],[76.0355,13.356],[76.0402,13.369],[76.0522,13.374],[76.0686,13.3695],[76.0857,13.3661],[76.0873,13.3871],[76.1066,13.3894],[76.1135,13.3948],[76.1263,13.3944],[76.1371,13.4017],[76.1384,13.4179],[76.1384,13.4302],[76.1459,13.4455],[76.1542,13.4564],[76.1586,13.4643],[76.1743,13.4642],[76.1909,13.4627],[76.1855,13.4462],[76.1972,13.4442],[76.196,13.4619],[76.2115,13.4601],[76.2271,13.4615],[76.2312,13.4718],[76.2275,13.4813],[76.2358,13.4887],[76.2333,13.5015],[76.2569,13.5042],[76.287,13.4983],[76.2896,13.5201],[76.3026,13.519],[76.3124,13.5278],[76.3229,13.5177],[76.329,13.5117],[76.341,13.5078],[76.3446,13.5192],[76.3584,13.5242],[76.3598,13.5403],[76.3714,13.5353],[76.3789,13.5284]]]]}},{"type":"Feature","properties":{"district":"Haveri","center":[14.7389,75.4036]},"geometry":{"type":"MultiPolygon","coordinates":[[[[75.3536,15.099],[75.3479,15.0899],[75.3364,15.0839],[75.3409,15.0707],[75.3562,15.0587],[75.365,15.0539],[75.3701,15.044],[75.3842,15.0467],[75.4044,15.0547],[75.4182,15.0529],[75.4319,15.0577],[75.4482,15.0563],[75.4559,15.0466],[75.4639,15.0398],[75.4783,15.0405],[75.4997,15.0433],[75.513,15.0399],[75.5212,15.0304],[75.5355,15.0272],[75.5441,15.0056],[75.5453,14.9929],[75.5447,14.9746],[75.563,14.9751],[75.5694,14.967],[75.5843,14.9634],[75.5919,14.9556],[75.6005,14.9512],[75.6138,14.9552],[75.6115,14.9685],[75.6201,14.9729],[75.6322,14.9799],[75.6347,14.9909],[75.65,14.987],[75.6707,14.9827],[75.6828,14.975],[75.6915,14.9704],[75.6979,14.9598],[75.702,14.9463],[75.6921,14.9416],[75.6846,14.9354],[75.6944,14.8931],[75.7287,14.8933],[75.738,14.8851],[75.7347,14.8734],[75.7336,14.8598],[75.7183,14.8518],[75.7058,14.8499],[75.6945,14.8546],[75.6807,14.8369],[75.6748,14.8255],[75.6699,14.8113],[75.6646,14.7987],[75.6781,14.794],[75.6877,14.782],[75.7123,14.7746],[75.7237,14.7646],[75.7217,14.7488],[75.7068,14.7327],[75.7029,14.7214],[75.7119,14.7142],[75.7365,14.7247],[75.7498,14.7292],[75.7623,14.7308],[75.7637,14.7192],[75.7431,14.6995],[75.7387,14.6861],[75.7496,14.6754],[75.7706,14.67],[75.783,14.6739],[75.7933,14.6778],[75.8001,14.6712],[75.8114,14.6471],[75.8121,14.633],[75.8057,14.6073],[75.8044,14.595],[75.8089,14.5844],[75.8147,14.5721],[75.8192,14.5623],[75.8022,14.5403],[75.7966,14.5282],[75.7954,14.5163],[75.7974,14.5061],[75.7721,14.5135],[75.7537,14.5094],[75.7433,14.4972],[75.7305,14.4859],[75.721,14.4724],[75.7076,14.469],[75.7031,14.4798],[75.6941,14.4874],[75.6792,14.4733],[75.6746,14.464],[75.6698,14.4562],[75.6595,14.4463],[75.654,14.458],[75.6357,14.4599],[75.6297,14.4386],[75.635,14.4276],[75.6402,14.4146],[75.6377,14.4016],[75.6289,14.3736],[75.6237,14.3615],[75.6211,14.3387],[75.6267,14.3259],[75.6331,14.3172],[75.6092,14.31],[75.6059,14.2952],[75.5947,14.2853],[75.5846,14.2768],[75.5628,14.2725],[75.5455,14.2711],[75.5342,14.2814],[75.5229,14.2872],[75.5198,14.2969],[75.5027,14.3027],[75.5006,14.3295],[75.49,14.3428],[75.4815,14.3364],[75.4789,14.3255],[75.4774,14.313],[75.4544,14.3246],[75.4409,14.3359],[75.4314,14.3421],[75.4216,14.3475],[75.4064,14.3514],[75.3995,14.3588],[75.377,14.366],[75.3604,14.3784],[75.3497,14.3837],[75.3572,14.4018],[75.366,14.4073],[75.3789,14.4063],[75.382,14.4278],[75.3725,14.4324],[75.3597,14.4314],[75.3448,14.4306],[75.3458,14.4465],[75.3436,14.4598],[75.3481,14.4792],[75.3344,14.4876],[75.3248,14.5052],[75.3155,14.5081],[75.2982,14.5076],[75.283,14.5081],[75.2713,14.5091],[75.2705,14.5218],[75.2801,14.5289],[75.2933,14.5279],[75.2974,14.5381],[75.2891,14.5524],[75.2787,14.5601],[75.2704,14.5698],[75.2595,14.5745],[75.2473,14.5728],[75.2443,14.5592],[75.2321,14.5559],[75.232,14.5731],[75.2252,14.5819],[75.211,14.5704],[75.1997,14.5721],[75.1865,14.5819],[75.1838,14.5946],[75.2072,14.5937],[75.2091,14.6111],[75.2135,14.6194],[75.208,14.632],[75.202,14.6223],[75.1893,14.6194],[75.1747,14.6299],[75.1673,14.6235],[75.1649,14.6137],[75.1564,14.6187],[75.1483,14.6142],[75.1451,14.6281],[75.1321,14.6251],[75.1167,14.6348],[75.1079,14.6404],[75.0875,14.6479],[75.0772,14.6501],[75.0671,14.6473],[75.0535,14.6453],[75.0444,14.6558],[75.0367,14.6613],[75.0389,14.6741],[75.037,14.6847],[75.0347,14.7035],[75.0217,14.706],[75.0278,14.7206],[75.0402,14.7235],[75.0488,14.7346],[75.0478,14.7501],[75.0448,14.7656],[75.0579,14.7703],[75.0708,14.7746],[75.0734,14.7883],[75.0617,14.7982],[75.0704,14.8037],[75.0846,14.8027],[75.0968,14.8056],[75.0818,14.818],[75.0725,14.8328],[75.078,14.8465],[75.0767,14.8612],[75.0761,14.8737],[75.076,14.8916],[75.0731,14.9111],[75.0816,14.9177],[75.0919,14.9224],[75.1061,14.9228],[75.1029,14.9373],[75.1033,14.9519],[75.089,14.9533],[75.0871,14.9652],[75.078,14.9975],[75.0721,15.0127],[75.0793,15.0257],[75.078,15.0425],[75.0794,15.0545],[75.0834,15.0628],[75.0856,15.0743],[75.0826,15.1067],[75.0967,15.1066],[75.1171,15.1129],[75.1096,15.1258],[75.1163,15.1342],[75.1302,15.1402],[75.1398,15.1468],[75.1489,15.1556],[75.1579,15.142],[75.1501,15.1303],[75.1404,15.114],[75.1447,15.0967],[75.1625,15.1042],[75.1695,15.0969],[75.1898,15.0989],[75.2,15.0946],[75.2142,15.0956],[75.2291,15.0959],[75.2362,15.1034],[75.2559,15.1025],[75.2602,15.0932],[75.2654,15.1124],[75.2797,15.1188],[75.2918,15.1258],[75.3123,15.1368],[75.3114,15.1514],[75.326,15.1533],[75.3398,15.1563],[75.3407,15.1436],[75.3398,15.1202],[75.3415,15.1072],[75.3536,15.099]]]]}},{"type":"Feature","properties":{"district":"Kalaburagi","center":[17.0782,76.8596]},"geometry":{"type":"MultiPolygon","coordinates":[[[[76.6581,17.7085],[76.6631,17.6879],[76.6781,17.6873],[76.6883,17.6785],[76.6935,17.6707],[76.698,17.6611],[76.7091,17.659],[76.7033,17.6486],[76.7111,17.6374],[76.7167,17.6449],[76.7303,17.6576],[76.7436,17.666],[76.768,17.6642],[76.771,17.6547],[76.7736,17.6363],[76.7864,17.6408],[76.7941,17.6491],[76.8054,17.6476],[76.8347,17.6495],[76.8524,17.6438],[76.8712,17.6438],[76.8888,17.6417],[76.8994,17.6441],[76.9221,17.6354],[76.9202,17.6219],[76.9205,17.6087],[76.9376,17.6057],[76.9494,17.6214],[76.9577,17.6344],[76.9783,17.6476],[76.9849,17.659],[76.9761,17.6639],[76.9761,17.6764],[76.9835,17.6898],[76.9928,17.6933],[77.009,17.6802],[77.019,17.6733],[77.0321,17.6761],[77.0357,17.6659],[77.0481,17.6668],[77.061,17.6652],[77.0706,17.6621],[77.086,17.6576],[77.09,17.6657],[77.103,17.6699],[77.1138,17.6826],[77.1321,17.6779],[77.1301,17.6599],[77.1422,17.6503],[77.1484,17.6375],[77.1518,17.6264],[77.164,17.6264],[77.1737,17.6196],[77.1879,17.6133],[77.1941,17.6277],[77.2046,17.6232],[77.2133,17.627],[77.2276,17.6298],[77.2463,17.6246],[77.265,17.6253],[77.2755,17.62],[77.2829,17.6151],[77.2928,17.6061],[77.2978,17.5952],[77.3264,17.5904],[77.3378,17.5874],[77.3469,17.5987],[77.3667,17.5974],[77.3754,17.5808],[77.3872,17.5852],[77.4096,17.5818],[77.4281,17.5824],[77.4399,17.5815],[77.4612,17.577],[77.4691,17.5682],[77.49,17.5663],[77.4956,17.55],[77.5016,17.5409],[77.5097,17.5492],[77.5139,17.5572],[77.5274,17.5732],[77.544,17.5546],[77.5528,17.55],[77.5854,17.5584],[77.5925,17.5491],[77.5917,17.5327],[77.6033,17.5307],[77.6166,17.5294],[77.6332,17.5231],[77.6453,17.5188],[77.6566,17.5213],[77.6661,17.51],[77.6789,17.5051],[77.688,17.4985],[77.6847,17.4852],[77.684,17.4729],[77.6649,17.4763],[77.6481,17.4812],[77.6528,17.5033],[77.6442,17.4949],[77.6426,17.4834],[77.634,17.4722],[77.6156,17.4714],[77.6101,17.4646],[77.6114,17.4529],[77.6045,17.4431],[77.5904,17.4481],[77.5732,17.4542],[77.572,17.4386],[77.5578,17.4353],[77.5335,17.441],[77.5234,17.4367],[77.5101,17.4273],[77.5107,17.4125],[77.5267,17.406],[77.5336,17.3988],[77.5213,17.3863],[77.5266,17.3788],[77.5208,17.3621],[77.5098,17.3593],[77.4991,17.3541],[77.4826,17.3545],[77.4745,17.3592],[77.4793,17.3696],[77.4516,17.3705],[77.4498,17.35],[77.4551,17.3379],[77.4525,17.3279],[77.4496,17.3149],[77.4404,17.2978],[77.434,17.2883],[77.447,17.2888],[77.4545,17.2759],[77.4425,17.2686],[77.4374,17.2614],[77.4226,17.2533],[77.42,17.2416],[77.4149,17.2299],[77.4055,17.2374],[77.3988,17.2319],[77.384,17.2233],[77.3932,17.2115],[77.3915,17.1924],[77.3767,17.193],[77.3675,17.1832],[77.3635,17.1695],[77.3669,17.1513],[77.3763,17.1379],[77.3989,17.1319],[77.4037,17.1232],[77.4235,17.1141],[77.4338,17.1112],[77.4484,17.1115],[77.4626,17.1041],[77.4603,17.0928],[77.4684,17.0811],[77.4769,17.0762],[77.4781,17.061],[77.4831,17.0534],[77.4868,17.0447],[77.4932,17.033],[77.492,17.0217],[77.4982,17.0152],[77.4936,17.0058],[77.4832,16.9987],[77.4784,16.9902],[77.48,16.9752],[77.4737,16.9595],[77.4641,16.9527],[77.4643,16.9398],[77.4646,16.9249],[77.4601,16.9129],[77.4539,16.9063],[77.4543,16.8861],[77.4603,16.8545],[77.4566,16.8237],[77.4627,16.8045],[77.4718,16.7963],[77.4711,16.7791],[77.4445,16.78],[77.4372,16.7631],[77.4353,16.7495],[77.4313,16.7364],[77.4257,16.7271],[77.4234,16.7145],[77.4333,16.7091],[77.4454,16.7138],[77.4563,16.7107],[77.4688,16.7087],[77.4675,16.6968],[77.465,16.6783],[77.4464,16.6742],[77.4372,16.6666],[77.4166,16.6628],[77.4212,16.652],[77.4303,16.6447],[77.4384,16.6362],[77.4485,16.6388],[77.4548,16.6449],[77.4694,16.6469],[77.4659,16.6359],[77.4613,16.6248],[77.4538,16.6138],[77.4636,16.6048],[77.4603,16.5956],[77.4642,16.5872],[77.4564,16.581],[77.4433,16.5821],[77.421,16.5652],[77.4021,16.5663],[77.3903,16.5597],[77.3971,16.5529],[77.4157,16.544],[77.4153,16.5178],[77.4006,16.516],[77.3887,16.5121],[77.3729,16.506],[77.3673,16.4938],[77.3582,16.4832],[77.3479,16.4855],[77.33,16.4807],[77.3136,16.4876],[77.2966,16.4915],[77.292,16.4736],[77.2515,16.4679],[77.2389,16.4729],[77.2525,16.4533],[77.2644,16.4301],[77.2748,16.4177],[77.2847,16.403],[77.2738,16.3999],[77.2556,16.4023],[77.2399,16.4127],[77.2199,16.4165],[77.1979,16.421],[77.1794,16.4258],[77.1675,16.4312],[77.1608,16.4394],[77.1621,16.4535],[77.1546,16.4667],[77.1418,16.4745],[77.1241,16.4753],[77.1115,16.4785],[77.0996,16.4854],[77.0881,16.4902],[77.0755,16.498],[77.0623,16.5098],[77.0498,16.5142],[77.0355,16.5092],[77.0234,16.4981],[77.0111,16.4975],[77.0056,16.5043],[77.0049,16.5229],[77.008,16.5378],[77.0031,16.5486],[76.9969,16.5552],[76.9798,16.5574],[76.9694,16.5496],[76.9678,16.5369],[76.9739,16.5179],[76.9704,16.505],[76.9398,16.4954],[76.916,16.4861],[76.8797,16.4896],[76.8668,16.483],[76.8654,16.4648],[76.8604,16.4516],[76.8546,16.4411],[76.8453,16.43],[76.8363,16.4251],[76.8205,16.4203],[76.7829,16.4129],[76.7597,16.4239],[76.7447,16.4087],[76.7042,16.3886],[76.6858,16.3782],[76.6686,16.3708],[76.6461,16.3554],[76.6347,16.3516],[76.613,16.3395],[76.603,16.3361],[76.5856,16.3372],[76.5569,16.3201],[76.5446,16.3117],[76.522,16.3011],[76.5132,16.2961],[76.4935,16.2927],[76.477,16.2869],[76.434,16.2578],[76.4167,16.2469],[76.4054,16.232],[76.3957,16.2272],[76.3685,16.2127],[76.3452,16.1931],[76.3346,16.1885],[76.3453,16.2079],[76.3529,16.2227],[76.3508,16.2362],[76.3447,16.2429],[76.3471,16.2625],[76.342,16.2721],[76.3223,16.2777],[76.3085,16.2817],[76.2996,16.2953],[76.304,16.3125],[76.2943,16.3214],[76.3015,16.3323],[76.3057,16.3412],[76.3124,16.3554],[76.3051,16.3734],[76.3093,16.3918],[76.3268,16.3898],[76.3366,16.3954],[76.3314,16.4056],[76.3326,16.421],[76.3497,16.4217],[76.3826,16.4193],[76.3901,16.4319],[76.4018,16.4315],[76.4358,16.4319],[76.4334,16.4462],[76.4301,16.4969],[76.4344,16.5083],[76.4229,16.5472],[76.4224,16.5597],[76.4202,16.5742],[76.4128,16.5869],[76.4163,16.5963],[76.4082,16.6104],[76.4044,16.6267],[76.4037,16.645],[76.4078,16.6555],[76.4187,16.6709],[76.4246,16.6817],[76.43,16.6967],[76.437,16.704],[76.4504,16.7087],[76.4578,16.7029],[76.4574,16.7186],[76.4419,16.7101],[76.4297,16.7123],[76.4196,16.7163],[76.4273,16.7292],[76.4335,16.7359],[76.439,16.7496],[76.4341,16.7602],[76.4181,16.7642],[76.3708,16.7648],[76.3718,16.776],[76.3776,16.7983],[76.3957,16.8017],[76.4027,16.7951],[76.4127,16.8101],[76.3537,16.8162],[76.3571,16.8355],[76.3641,16.8423],[76.3737,16.8561],[76.3873,16.8527],[76.4026,16.855],[76.4153,16.8491],[76.4282,16.8453],[76.4606,16.8304],[76.4688,16.8367],[76.4625,16.8462],[76.4585,16.8567],[76.4368,16.8647],[76.4364,16.8769],[76.434,16.8953],[76.4611,16.8962],[76.4579,16.9218],[76.4449,16.9382],[76.4265,16.9255],[76.4,16.9322],[76.3995,16.9734],[76.4131,16.9746],[76.4341,16.9778],[76.4373,16.9983],[76.4311,17.0205],[76.4261,17.0461],[76.4285,17.0639],[76.4281,17.0761],[76.4286,17.097],[76.4198,17.0915],[76.4089,17.0834],[76.4029,17.0769],[76.3975,17.0693],[76.389,17.0655],[76.3876,17.0836],[76.3838,17.0967],[76.3657,17.105],[76.369,17.119],[76.3776,17.123],[76.3921,17.1309],[76.386,17.14],[76.3743,17.1383],[76.3598,17.1358],[76.3665,17.1558],[76.3653,17.1736],[76.3593,17.1818],[76.346,17.1784],[76.3317,17.1682],[76.3029,17.1654],[76.2922,17.1638],[76.2755,17.1618],[76.2639,17.1531],[76.2546,17.1449],[76.2438,17.1469],[76.2363,17.1554],[76.2234,17.1723],[76.2194,17.1821],[76.2055,17.181],[76.1881,17.1839],[76.1775,17.1908],[76.1712,17.202],[76.1607,17.2142],[76.1486,17.2229],[76.1247,17.2429],[76.114,17.2484],[76.0978,17.2518],[76.0878,17.2581],[76.0979,17.2816],[76.0901,17.2953],[76.0757,17.3015],[76.0666,17.3075],[76.0704,17.3208],[76.0735,17.3323],[76.0869,17.3337],[76.0925,17.3437],[76.096,17.3578],[76.1167,17.3662],[76.1376,17.3526],[76.1457,17.3479],[76.1631,17.3409],[76.1642,17.3193],[76.1638,17.3003],[76.1758,17.2972],[76.1838,17.311],[76.1763,17.3215],[76.1735,17.3322],[76.1723,17.3487],[76.1829,17.3565],[76.1932,17.3586],[76.229,17.3632],[76.2444,17.3747],[76.2504,17.3667],[76.2563,17.3574],[76.2702,17.3565],[76.2759,17.3305],[76.2959,17.3286],[76.3172,17.3294],[76.313,17.3433],[76.3347,17.3498],[76.3506,17.3277],[76.3523,17.3106],[76.3817,17.3118],[76.393,17.3363],[76.402,17.344],[76.4106,17.3477],[76.4081,17.3693],[76.362,17.3751],[76.37,17.4079],[76.3699,17.423],[76.3732,17.4344],[76.342,17.4338],[76.3308,17.4616],[76.3378,17.4704],[76.35,17.4721],[76.3723,17.4858],[76.3666,17.4953],[76.3552,17.4942],[76.3437,17.5081],[76.356,17.5134],[76.3664,17.5167],[76.3646,17.5285],[76.3548,17.5387],[76.34,17.5426],[76.3372,17.5552],[76.3329,17.5738],[76.3317,17.5949],[76.3487,17.5954],[76.373,17.5979],[76.4157,17.6042],[76.4207,17.6142],[76.4258,17.6283],[76.4272,17.6398],[76.4348,17.6445],[76.4515,17.6515],[76.4893,17.6607],[76.4846,17.6696],[76.4844,17.6844],[76.4864,17.7135],[76.511,17.7159],[76.5236,17.7152],[76.525,17.7347],[76.5237,17.7589],[76.5382,17.7589],[76.5598,17.7631],[76.5733,17.76],[76.5646,17.7537],[76.5681,17.7398],[76.5694,17.7037],[76.587,17.7079],[76.5932,17.7176],[76.5988,17.728],[76.6041,17.7558],[76.6095,17.766],[76.6234,17.7579],[76.6298,17.7419],[76.6307,17.729],[76.6508,17.7208],[76.6581,17.7085]]]]}},{"type":"Feature","properties":{"district":"Kodagu","center":[12.3928,75.7981]},"geometry":{"type":"MultiPolygon","coordinates":[[[[75.9025,12.8106],[75.9143,12.8116],[75.9169,12.8212],[75.9246,12.8131],[75.9268,12.8024],[75.9445,12.8011],[75.9706,12.7987],[75.9667,12.7904],[75.9697,12.7781],[75.9569,12.7724],[75.9534,12.7625],[75.9386,12.7604],[75.9374,12.7429],[75.9331,12.7281],[75.9399,12.7148],[75.9576,12.7046],[75.9626,12.6944],[75.9587,12.6863],[75.9564,12.6754],[75.9433,12.6718],[75.9456,12.6612],[75.9387,12.6497],[75.9355,12.6386],[75.9414,12.6321],[75.9346,12.6238],[75.9454,12.6202],[75.9444,12.6086],[75.9374,12.6003],[75.9455,12.5904],[75.9551,12.5667],[75.9623,12.5528],[75.9745,12.5537],[75.9685,12.5679],[75.9794,12.5631],[75.9889,12.5738],[76.0009,12.5687],[76.0162,12.5606],[76.01,12.5521],[75.9955,12.5531],[75.9971,12.5424],[75.9911,12.5358],[75.9916,12.5225],[75.9867,12.5136],[75.9723,12.5117],[75.9644,12.503],[75.9607,12.4871],[75.965,12.4747],[75.9687,12.4628],[75.9687,12.4462],[75.9564,12.4437],[75.943,12.4402],[75.9349,12.4361],[75.9262,12.4315],[75.9212,12.4234],[75.9189,12.4126],[75.9069,12.396],[75.9111,12.3829],[75.9299,12.3718],[75.9345,12.3636],[75.953,12.3441],[75.9677,12.3361],[75.9783,12.3322],[75.9867,12.3254],[75.995,12.3191],[75.9921,12.3099],[75.995,12.2996],[76.0106,12.2831],[76.0121,12.2711],[76.0108,12.2588],[76.0179,12.2457],[76.0323,12.2456],[76.043,12.2418],[76.0569,12.2437],[76.0647,12.2371],[76.0769,12.2185],[76.0881,12.2051],[76.0961,12.1923],[76.1125,12.184],[76.1261,12.1874],[76.1304,12.179],[76.1342,12.1643],[76.1387,12.1502],[76.1452,12.1392],[76.1512,12.1321],[76.1588,12.12],[76.165,12.1119],[76.1674,12.0989],[76.17,12.0832],[76.1722,12.0667],[76.1805,12.0517],[76.1812,12.032],[76.1726,12.0203],[76.1599,12.0177],[76.1498,12.0126],[76.1438,11.9998],[76.1362,11.9939],[76.127,11.9819],[76.1173,11.975],[76.1079,11.9706],[76.0913,11.9616],[76.0728,11.9613],[76.0478,11.9445],[76.0385,11.939],[76.0296,11.9328],[76.0184,11.935],[76.004,11.9319],[75.9982,11.9236],[75.9834,11.9254],[75.9726,11.9276],[75.9589,11.9286],[75.9484,11.9339],[75.9372,11.9328],[75.9252,11.9329],[75.9038,11.9348],[75.8897,11.9381],[75.8767,11.9407],[75.8659,11.9456],[75.8511,11.957],[75.8466,11.9647],[75.8397,11.9728],[75.827,11.978],[75.8236,11.9946],[75.8275,12.0028],[75.8119,12.0161],[75.8,12.0303],[75.7979,12.0416],[75.8017,12.068],[75.7953,12.0742],[75.7837,12.0764],[75.7679,12.0775],[75.7519,12.0774],[75.7429,12.0718],[75.7344,12.0677],[75.7171,12.0621],[75.7175,12.0775],[75.7065,12.0828],[75.7016,12.1003],[75.6842,12.1022],[75.6783,12.0931],[75.6676,12.09],[75.6582,12.0943],[75.6528,12.1013],[75.6475,12.1148],[75.6443,12.1237],[75.6407,12.1332],[75.6351,12.1424],[75.6171,12.1489],[75.6021,12.1468],[75.5932,12.143],[75.5827,12.1504],[75.5704,12.1655],[75.5596,12.1687],[75.5553,12.1763],[75.5511,12.1844],[75.5439,12.192],[75.5337,12.1961],[75.538,12.2068],[75.5253,12.2196],[75.5185,12.2306],[75.5167,12.2438],[75.5111,12.2533],[75.5039,12.2597],[75.494,12.2651],[75.4867,12.2815],[75.4672,12.2954],[75.4584,12.2886],[75.4414,12.29],[75.4307,12.292],[75.4237,12.287],[75.4304,12.2995],[75.4231,12.3081],[75.4199,12.3195],[75.4144,12.3338],[75.4177,12.3484],[75.4214,12.3619],[75.4115,12.3746],[75.3971,12.3752],[75.3907,12.3834],[75.3786,12.3867],[75.3722,12.3957],[75.3656,12.407],[75.3705,12.4289],[75.3694,12.4456],[75.3858,12.4507],[75.4035,12.4476],[75.4147,12.4541],[75.4225,12.4601],[75.4205,12.4715],[75.4145,12.4967],[75.4199,12.5086],[75.4314,12.5118],[75.4339,12.5232],[75.4478,12.5132],[75.4611,12.5022],[75.4697,12.4927],[75.4638,12.4856],[75.4612,12.4703],[75.4682,12.4622],[75.4806,12.4607],[75.489,12.455],[75.4951,12.4728],[75.5017,12.4815],[75.5136,12.483],[75.5263,12.4925],[75.5554,12.4848],[75.5648,12.4876],[75.5547,12.4959],[75.5664,12.5055],[75.5766,12.5153],[75.5857,12.53],[75.596,12.5191],[75.6026,12.5068],[75.6149,12.5052],[75.6226,12.5112],[75.6326,12.5232],[75.6417,12.5327],[75.655,12.5366],[75.6643,12.5417],[75.6695,12.5496],[75.6622,12.5691],[75.6625,12.5836],[75.6548,12.5988],[75.6529,12.6103],[75.64,12.6244],[75.6423,12.6472],[75.6459,12.6613],[75.6513,12.6699],[75.6568,12.6808],[75.6644,12.6906],[75.6781,12.6967],[75.6924,12.6967],[75.704,12.703],[75.7162,12.6978],[75.729,12.6941],[75.7363,12.6863],[75.7457,12.6739],[75.7591,12.6696],[75.7682,12.6753],[75.7746,12.683],[75.7903,12.6838],[75.8004,12.6896],[75.8084,12.6945],[75.8179,12.6848],[75.8235,12.6776],[75.8332,12.6642],[75.8448,12.666],[75.8551,12.6634],[75.8657,12.6671],[75.8807,12.6676],[75.8852,12.684],[75.8836,12.6994],[75.8696,12.7035],[75.863,12.7104],[75.8533,12.7172],[75.849,12.7287],[75.8539,12.7369],[75.846,12.743],[75.8553,12.7471],[75.8587,12.7625],[75.871,12.7643],[75.8646,12.783],[75.8615,12.7919],[75.8617,12.8147],[75.8735,12.8172],[75.8758,12.8276],[75.887,12.8256],[75.8962,12.8213],[75.9025,12.8106]]]]}},{"type":"Feature","properties":{"district":"Kolar","center":[13.3389,78.0095]},"geometry":{"type":"MultiPolygon","coordinates":[[[[77.978,13.9376],[77.9735,13.9242],[77.9746,13.9123],[77.978,13.8933],[77.9495,13.8845],[77.9418,13.8711],[77.9457,13.8398],[77.9481,13.8294],[77.9446,13.82],[77.9658,13.8202],[77.9812,13.8488],[77.9852,13.8617],[78.0048,13.8617],[78.0156,13.8544],[78.0378,13.8528],[78.0429,13.8638],[78.0412,13.8867],[78.0547,13.8794],[78.068,13.8745],[78.0749,13.8549],[78.0884,13.8549],[78.106,13.8535],[78.1135,13.8409],[78.1173,13.8218],[78.1077,13.8036],[78.1152,13.7877],[78.1182,13.7769],[78.111,13.7618],[78.1012,13.753],[78.0893,13.743],[78.0849,13.7335],[78.0933,13.7276],[78.1004,13.718],[78.1094,13.7102],[78.1072,13.6984],[78.1054,13.6844],[78.0852,13.6806],[78.0641,13.6882],[78.0641,13.6746],[78.0583,13.667],[78.0728,13.6552],[78.0797,13.6445],[78.0863,13.6335],[78.0939,13.6403],[78.1074,13.6471],[78.1232,13.6489],[78.1462,13.6497],[78.159,13.6452],[78.1605,13.6234],[78.1858,13.6212],[78.1939,13.6162],[78.1954,13.6016],[78.1886,13.5884],[78.1795,13.5789],[78.1801,13.5642],[78.189,13.5564],[78.2024,13.568],[78.2085,13.5819],[78.2184,13.578],[78.2277,13.5872],[78.2497,13.5743],[78.2654,13.5782],[78.2806,13.5777],[78.2918,13.5788],[78.3125,13.5835],[78.3437,13.5778],[78.3614,13.5789],[78.3803,13.5813],[78.3908,13.5781],[78.3978,13.5662],[78.386,13.544],[78.3855,13.5317],[78.3731,13.5123],[78.3696,13.4999],[78.3674,13.482],[78.3673,13.4669],[78.3626,13.4521],[78.3642,13.4379],[78.3653,13.4244],[78.3695,13.4089],[78.3713,13.3972],[78.3687,13.3798],[78.3644,13.3705],[78.3552,13.3551],[78.3605,13.347],[78.3748,13.3464],[78.3837,13.3424],[78.3925,13.3355],[78.3952,13.3226],[78.379,13.3245],[78.3713,13.3324],[78.367,13.32],[78.3791,13.3169],[78.3913,13.3037],[78.4021,13.3074],[78.4153,13.3171],[78.4268,13.3181],[78.4303,13.3078],[78.436,13.2984],[78.4451,13.3014],[78.4605,13.3079],[78.4702,13.2939],[78.4835,13.2881],[78.4952,13.2792],[78.5039,13.2725],[78.512,13.26],[78.5208,13.2556],[78.5256,13.2693],[78.5333,13.276],[78.5436,13.2732],[78.5532,13.2846],[78.5541,13.2983],[78.5616,13.288],[78.5672,13.2718],[78.5761,13.2671],[78.5722,13.2486],[78.5632,13.2384],[78.5589,13.2271],[78.5572,13.212],[78.5687,13.2043],[78.5601,13.1982],[78.5533,13.1892],[78.5409,13.1873],[78.5469,13.1786],[78.5594,13.1798],[78.5657,13.1718],[78.5691,13.1565],[78.5581,13.1523],[78.5469,13.1534],[78.5337,13.1461],[78.5367,13.1369],[78.5214,13.1291],[78.5129,13.1202],[78.5111,13.1063],[78.5224,13.0997],[78.5148,13.0911],[78.5068,13.0842],[78.4996,13.0758],[78.5048,13.0594],[78.4879,13.0497],[78.4811,13.0444],[78.467,13.0414],[78.4611,13.032],[78.4506,13.0282],[78.4504,13.0149],[78.4523,13.0038],[78.4554,12.9901],[78.4614,12.9791],[78.4576,12.9707],[78.4336,12.9688],[78.4219,12.9627],[78.4274,12.9505],[78.4246,12.9382],[78.4204,12.929],[78.4259,12.9171],[78.4345,12.9083],[78.4429,12.9041],[78.4491,12.8967],[78.4583,12.8797],[78.4569,12.8661],[78.4542,12.8532],[78.4527,12.8655],[78.4464,12.8747],[78.4385,12.8797],[78.4358,12.9007],[78.4249,12.8982],[78.4173,12.889],[78.4029,12.8913],[78.3884,12.9055],[78.3851,12.8963],[78.3687,12.9018],[78.361,12.9116],[78.3454,12.9281],[78.3383,12.9158],[78.3272,12.8892],[78.3165,12.8926],[78.3124,12.8833],[78.3162,12.8722],[78.3275,12.874],[78.3216,12.8629],[78.3111,12.8654],[78.3062,12.8565],[78.3031,12.8472],[78.2757,12.8492],[78.2626,12.8566],[78.2538,12.8496],[78.2411,12.8474],[78.2419,12.8123],[78.2354,12.7876],[78.2295,12.762],[78.2206,12.7526],[78.2023,12.7551],[78.1902,12.7611],[78.1787,12.7599],[78.1662,12.765],[78.1581,12.7602],[78.1477,12.7633],[78.1365,12.7692],[78.1207,12.77],[78.1178,12.7799],[78.1095,12.7914],[78.0977,12.7959],[78.0865,12.8033],[78.0761,12.8205],[78.0664,12.8267],[78.0514,12.8323],[78.0467,12.8424],[78.0222,12.8412],[78.0168,12.8335],[78.0071,12.8282],[78.0038,12.8179],[77.9933,12.8137],[78.0033,12.8058],[78.0015,12.7954],[77.9897,12.7972],[77.9813,12.8104],[77.9736,12.8182],[77.9575,12.8215],[77.958,12.8363],[77.9468,12.8381],[77.9456,12.8493],[77.9335,12.8448],[77.9361,12.8338],[77.933,12.8129],[77.9208,12.8162],[77.9105,12.8197],[77.9118,12.8324],[77.9153,12.8443],[77.9278,12.8505],[77.9344,12.856],[77.9197,12.8635],[77.9287,12.8714],[77.9177,12.8784],[77.9093,12.873],[77.9005,12.8679],[77.8875,12.8669],[77.8823,12.8584],[77.8669,12.8586],[77.8581,12.8666],[77.8457,12.8702],[77.845,12.8832],[77.8543,12.9036],[77.8337,12.9044],[77.8383,12.9155],[77.8453,12.9218],[77.8597,12.9231],[77.8658,12.9334],[77.8581,12.9412],[77.8625,12.95],[77.8552,12.9628],[77.8633,12.9764],[77.8677,12.9911],[77.8786,13.0006],[77.8811,13.0161],[77.8852,13.0243],[77.8832,13.0354],[77.8876,13.0433],[77.896,13.0395],[77.9191,13.0583],[77.9311,13.0593],[77.932,13.0736],[77.9267,13.0665],[77.9157,13.0708],[77.9067,13.0751],[77.9027,13.0846],[77.8931,13.09],[77.9051,13.1],[77.9142,13.1061],[77.9285,13.0976],[77.9303,13.1133],[77.9401,13.1158],[77.9484,13.1208],[77.9491,13.1372],[77.9452,13.1507],[77.9479,13.1641],[77.9534,13.1768],[77.9472,13.1921],[77.9486,13.2084],[77.9397,13.2034],[77.9552,13.2212],[77.9569,13.2344],[77.9409,13.238],[77.9251,13.2328],[77.9066,13.2286],[77.9026,13.2197],[77.8927,13.2233],[77.8973,13.24],[77.8902,13.2463],[77.8766,13.2409],[77.8662,13.2318],[77.8547,13.2301],[77.8467,13.2091],[77.8423,13.2313],[77.8253,13.2369],[77.8133,13.2412],[77.8046,13.2299],[77.8085,13.2444],[77.8021,13.2526],[77.8048,13.2636],[77.81,13.2857],[77.822,13.2821],[77.8194,13.2946],[77.807,13.2965],[77.8113,13.3043],[77.8167,13.3112],[77.8125,13.3197],[77.801,13.3294],[77.7872,13.3357],[77.776,13.3428],[77.7619,13.3468],[77.7529,13.3515],[77.7426,13.3497],[77.7294,13.3513],[77.7225,13.3436],[77.7111,13.3422],[77.7072,13.3566],[77.6945,13.3503],[77.6956,13.3392],[77.691,13.3268],[77.6821,13.3384],[77.6612,13.339],[77.6514,13.347],[77.6511,13.3622],[77.6512,13.3756],[77.6507,13.3886],[77.6372,13.3839],[77.6261,13.3665],[77.6139,13.3734],[77.6102,13.3931],[77.6001,13.3957],[77.5943,13.3884],[77.5929,13.4062],[77.6052,13.4072],[77.5956,13.4327],[77.5846,13.4269],[77.5838,13.4127],[77.563,13.4101],[77.5473,13.4092],[77.5447,13.4216],[77.5308,13.4273],[77.521,13.4229],[77.5095,13.4343],[77.5003,13.4397],[77.4913,13.4495],[77.4791,13.4586],[77.4645,13.4608],[77.4556,13.4568],[77.4379,13.4543],[77.4271,13.4615],[77.4181,13.4774],[77.41,13.4837],[77.4023,13.4893],[77.3794,13.4924],[77.376,13.5043],[77.3837,13.5122],[77.3855,13.5246],[77.377,13.5366],[77.3759,13.5476],[77.3761,13.5632],[77.3688,13.5807],[77.3576,13.5853],[77.3555,13.5972],[77.3568,13.6138],[77.3617,13.6217],[77.3648,13.6322],[77.3765,13.653],[77.3948,13.665],[77.4174,13.6645],[77.4327,13.6742],[77.4498,13.6758],[77.4765,13.6776],[77.4851,13.6867],[77.4824,13.6988],[77.4873,13.7068],[77.5028,13.7044],[77.5069,13.6927],[77.5123,13.6857],[77.5256,13.6972],[77.5278,13.707],[77.5275,13.719],[77.5227,13.7311],[77.5151,13.737],[77.5295,13.7459],[77.5395,13.7437],[77.5451,13.7282],[77.5561,13.7165],[77.5666,13.7294],[77.5815,13.7306],[77.5956,13.7436],[77.6156,13.7284],[77.6285,13.7299],[77.6367,13.7352],[77.6126,13.7469],[77.6143,13.7603],[77.6491,13.7758],[77.664,13.7759],[77.6718,13.7701],[77.6637,13.7523],[77.6788,13.7557],[77.6955,13.7614],[77.7022,13.731],[77.711,13.7377],[77.7131,13.7507],[77.7128,13.7747],[77.7129,13.7905],[77.7284,13.8017],[77.741,13.8038],[77.7553,13.8075],[77.7692,13.8085],[77.7785,13.8129],[77.7774,13.8241],[77.776,13.8359],[77.7864,13.8399],[77.8028,13.8407],[77.8108,13.8521],[77.8277,13.8606],[77.8192,13.866],[77.8272,13.8716],[77.821,13.8892],[77.8111,13.8947],[77.8074,13.9032],[77.8064,13.9176],[77.8142,13.931],[77.8301,13.9272],[77.846,13.9283],[77.8624,13.9268],[77.887,13.9312],[77.8873,13.9177],[77.8957,13.9077],[77.9059,13.8995],[77.9198,13.8987],[77.9297,13.9088],[77.9356,13.9179],[77.946,13.9284],[77.9543,13.937],[77.9613,13.95],[77.9786,13.9477],[77.978,13.9376]]]]}},{"type":"Feature","properties":{"district":"Koppal","center":[15.6323,76.1757]},"geometry":{"type":"MultiPolygon","coordinates":[[[[76.0815,16.0053],[76.0854,15.9892],[76.0809,15.9782],[76.0757,15.9647],[76.0728,15.9486],[76.0702,15.9381],[76.0639,15.9161],[76.0594,15.9015],[76.072,15.8972],[76.1015,15.8948],[76.1108,15.8853],[76.1283,15.8878],[76.1426,15.8888],[76.1551,15.9081],[76.1636,15.9151],[76.1726,15.9195],[76.1929,15.9265],[76.2016,15.9313],[76.2184,15.9357],[76.2303,15.9173],[76.2564,15.9174],[76.2601,15.9011],[76.2712,15.9052],[76.2842,15.8979],[76.289,15.8879],[76.3076,15.8885],[76.3166,15.8976],[76.3349,15.8976],[76.3443,15.8938],[76.3416,15.8752],[76.3485,15.859],[76.3556,15.869],[76.3568,15.888],[76.3538,15.8985],[76.3734,15.9108],[76.3744,15.8979],[76.3932,15.8979],[76.4028,15.8942],[76.4145,15.8905],[76.4257,15.8841],[76.4209,15.8674],[76.436,15.8514],[76.4492,15.8473],[76.4493,15.8324],[76.4425,15.8209],[76.4251,15.8098],[76.415,15.8009],[76.4171,15.786],[76.4245,15.7813],[76.4382,15.7801],[76.4376,15.762],[76.4389,15.7497],[76.445,15.7408],[76.4488,15.7278],[76.4672,15.7196],[76.4812,15.71],[76.4901,15.7067],[76.5099,15.7116],[76.5188,15.7062],[76.5295,15.6954],[76.5385,15.6992],[76.5529,15.6974],[76.5853,15.6927],[76.5958,15.6952],[76.5973,15.6688],[76.6152,15.6648],[76.6514,15.6609],[76.6693,15.6527],[76.6673,15.634],[76.6847,15.6409],[76.6918,15.6184],[76.6823,15.6218],[76.6783,15.6025],[76.6897,15.5952],[76.6986,15.5853],[76.7131,15.5887],[76.7235,15.5861],[76.7448,15.5861],[76.7523,15.579],[76.7541,15.5645],[76.7614,15.5597],[76.772,15.5528],[76.788,15.5493],[76.8106,15.5422],[76.8059,15.5337],[76.8057,15.516],[76.8045,15.5045],[76.7974,15.4994],[76.783,15.4899],[76.7588,15.4873],[76.7406,15.486],[76.729,15.487],[76.7104,15.4849],[76.6999,15.4808],[76.6895,15.4721],[76.6799,15.4645],[76.6665,15.4459],[76.652,15.4431],[76.6393,15.4393],[76.609,15.4372],[76.5991,15.426],[76.5938,15.4181],[76.5889,15.4081],[76.5696,15.3953],[76.5532,15.3898],[76.5462,15.3799],[76.4993,15.3458],[76.4883,15.3381],[76.4785,15.3437],[76.4668,15.3382],[76.4473,15.3335],[76.4311,15.3343],[76.4048,15.3194],[76.3893,15.3239],[76.3761,15.323],[76.3608,15.3213],[76.3504,15.3075],[76.3446,15.2919],[76.3378,15.2681],[76.3319,15.2588],[76.3087,15.2564],[76.296,15.2451],[76.2894,15.2371],[76.2853,15.2284],[76.2794,15.2139],[76.2665,15.202],[76.2556,15.1979],[76.2467,15.1872],[76.2362,15.1857],[76.2214,15.1904],[76.2188,15.2021],[76.2304,15.2199],[76.1936,15.2313],[76.1756,15.2243],[76.1613,15.2123],[76.1601,15.199],[76.1509,15.1923],[76.1287,15.1987],[76.1166,15.1972],[76.1102,15.1912],[76.1055,15.1714],[76.1002,15.1626],[76.0869,15.1575],[76.0584,15.1531],[76.0459,15.143],[76.0358,15.1401],[76.0083,15.1453],[75.9988,15.1427],[75.9866,15.1458],[75.9774,15.1492],[75.9638,15.1379],[75.9556,15.1337],[75.9479,15.1617],[75.943,15.1691],[75.9251,15.1774],[75.9251,15.1915],[75.9184,15.2105],[75.9121,15.2348],[75.9009,15.2426],[75.8979,15.2543],[75.8959,15.2703],[75.8894,15.2843],[75.8897,15.3004],[75.8914,15.3309],[75.8869,15.3478],[75.9016,15.3498],[75.9004,15.37],[75.9025,15.3851],[75.9029,15.3988],[75.8831,15.4037],[75.8654,15.4041],[75.8664,15.4212],[75.8597,15.4306],[75.8406,15.4397],[75.8306,15.4453],[75.8198,15.4529],[75.8185,15.4643],[75.8141,15.4721],[75.8102,15.4839],[75.8139,15.4924],[75.8234,15.4975],[75.8182,15.5047],[75.8318,15.5042],[75.8489,15.509],[75.8677,15.558],[75.8679,15.5915],[75.8793,15.5942],[75.8945,15.5999],[75.8988,15.621],[75.8863,15.6313],[75.8896,15.6456],[75.8863,15.6677],[75.8722,15.6702],[75.8706,15.7066],[75.8831,15.7139],[75.89,15.725],[75.8851,15.7338],[75.8972,15.7466],[75.9078,15.7423],[75.9116,15.7302],[75.9202,15.7246],[75.9153,15.7002],[75.9243,15.6909],[75.9404,15.6898],[75.9428,15.6764],[75.9662,15.6748],[75.968,15.6616],[75.9994,15.6583],[76.011,15.6602],[76.0173,15.6738],[75.9994,15.6763],[75.9927,15.6703],[75.9824,15.6633],[75.9861,15.6816],[75.9919,15.7049],[76.0043,15.7094],[76.021,15.711],[76.0322,15.7122],[76.0417,15.7161],[76.0439,15.7347],[76.0411,15.7492],[76.0394,15.7652],[76.0159,15.7751],[75.9995,15.7783],[75.9918,15.7858],[75.9891,15.7989],[75.9768,15.797],[75.9644,15.7914],[75.9397,15.7856],[75.9272,15.7897],[75.912,15.8013],[75.8954,15.8108],[75.8761,15.8235],[75.8457,15.8347],[75.8469,15.8507],[75.8481,15.8637],[75.8375,15.8609],[75.8256,15.8613],[75.8322,15.8713],[75.8291,15.8846],[75.8286,15.8962],[75.8125,15.8953],[75.7956,15.8925],[75.7809,15.8945],[75.7729,15.9],[75.7774,15.9144],[75.7881,15.9189],[75.8088,15.9188],[75.8209,15.9229],[75.8352,15.9215],[75.8441,15.9278],[75.8524,15.9325],[75.8639,15.9294],[75.8775,15.9295],[75.8845,15.9193],[75.9001,15.9167],[75.9111,15.9124],[75.9193,15.9032],[75.9275,15.8909],[75.9306,15.8813],[75.9411,15.8708],[75.9446,15.8619],[75.9622,15.8605],[75.9715,15.8574],[75.9772,15.8638],[75.9762,15.8909],[75.9748,15.9175],[75.9779,15.9301],[75.9766,15.9419],[75.9766,15.9575],[75.9753,15.9787],[75.9798,15.9874],[75.9877,15.9916],[75.994,16.0007],[76.0146,15.999],[76.0219,16.0046],[76.0369,16.0015],[76.0522,15.999],[76.0578,16.0067],[76.0802,16.0069],[76.0815,16.0053]]]]}},{"type":"Feature","properties":{"district":"Mandya","center":[12.5828,76.8066]},"geometry":{"type":"MultiPolygon","coordinates":[[[[76.6784,13.0361],[76.6883,13.0284],[76.6963,13.0325],[76.7187,13.0321],[76.7388,13.0278],[76.7559,13.0278],[76.7767,13.0201],[76.7809,13.0048],[76.7996,13.0027],[76.8085,12.9955],[76.8207,12.9932],[76.8281,12.9831],[76.8452,12.9702],[76.8327,12.9644],[76.8336,12.9419],[76.8409,12.9363],[76.8516,12.9269],[76.8752,12.9262],[76.8877,12.9126],[76.8738,12.9129],[76.8603,12.9092],[76.8575,12.8995],[76.8649,12.8898],[76.8779,12.8909],[76.8849,12.8821],[76.8857,12.86],[76.8845,12.8461],[76.8958,12.8289],[76.8993,12.8186],[76.9079,12.8129],[76.9144,12.8015],[76.925,12.7923],[76.9342,12.7967],[76.944,12.7933],[76.9636,12.7951],[76.9665,12.785],[76.9805,12.7799],[76.9894,12.7683],[77.0033,12.7734],[77.0009,12.7611],[77.0103,12.7543],[77.0229,12.7584],[77.0317,12.7639],[77.0438,12.7399],[77.0567,12.7469],[77.0665,12.7406],[77.0775,12.7324],[77.0729,12.7164],[77.0698,12.7049],[77.0659,12.6934],[77.0666,12.6747],[77.0757,12.6682],[77.0903,12.6671],[77.0921,12.633],[77.0937,12.6209],[77.1082,12.6201],[77.1158,12.6148],[77.1036,12.6074],[77.1003,12.5933],[77.1105,12.5716],[77.1219,12.5598],[77.1206,12.5436],[77.1066,12.5451],[77.1121,12.5311],[77.1169,12.522],[77.122,12.5098],[77.1229,12.4983],[77.1181,12.4803],[77.1216,12.4711],[77.1262,12.462],[77.1324,12.4542],[77.1479,12.4619],[77.1578,12.467],[77.166,12.4743],[77.1794,12.4736],[77.1903,12.4749],[77.2014,12.4766],[77.2085,12.4824],[77.2161,12.4915],[77.2306,12.4909],[77.2303,12.4791],[77.2185,12.4797],[77.2176,12.4669],[77.2259,12.4735],[77.2281,12.4625],[77.236,12.4583],[77.2468,12.4609],[77.2554,12.4537],[77.2643,12.4367],[77.2619,12.4263],[77.2716,12.4199],[77.2736,12.4098],[77.2747,12.3989],[77.2781,12.3835],[77.3052,12.3815],[77.3117,12.3711],[77.3192,12.3571],[77.3242,12.3446],[77.3158,12.3176],[77.3138,12.3058],[77.3051,12.2954],[77.2936,12.2897],[77.2838,12.295],[77.2705,12.2997],[77.2627,12.3042],[77.2464,12.3018],[77.2251,12.3009],[77.2164,12.2963],[77.2058,12.2996],[77.184,12.2996],[77.157,12.3009],[77.1595,12.2848],[77.1567,12.2661],[77.1608,12.2513],[77.143,12.248],[77.1355,12.2408],[77.1126,12.2356],[77.1023,12.2334],[77.098,12.2122],[77.0795,12.2106],[77.0721,12.2155],[77.0663,12.2289],[77.0561,12.2258],[77.0415,12.2297],[77.0265,12.2255],[77.0162,12.2345],[76.9996,12.2367],[76.984,12.2449],[76.9822,12.2642],[76.9832,12.2789],[76.9712,12.2804],[76.9659,12.2918],[76.9811,12.2928],[76.9895,12.301],[76.9807,12.3066],[76.978,12.3181],[76.9707,12.3266],[76.9709,12.3389],[76.9616,12.3441],[76.9517,12.3467],[76.9468,12.3361],[76.9491,12.3251],[76.9226,12.3162],[76.9197,12.3305],[76.9157,12.3428],[76.9311,12.3463],[76.9302,12.3607],[76.928,12.3805],[76.9286,12.3939],[76.9191,12.4054],[76.9188,12.4217],[76.9119,12.4339],[76.8998,12.4307],[76.8982,12.4147],[76.8888,12.4008],[76.877,12.3961],[76.8571,12.39],[76.8529,12.3985],[76.8388,12.394],[76.8259,12.3926],[76.8288,12.3801],[76.813,12.3781],[76.8073,12.361],[76.8039,12.3524],[76.7978,12.359],[76.7908,12.3463],[76.7808,12.3385],[76.7713,12.3435],[76.7607,12.3401],[76.7557,12.3276],[76.7581,12.3125],[76.756,12.3005],[76.7472,12.2951],[76.7358,12.31],[76.7253,12.312],[76.7241,12.3334],[76.7166,12.3418],[76.7012,12.3442],[76.6869,12.3489],[76.6821,12.3565],[76.6744,12.3652],[76.6769,12.3787],[76.6614,12.3822],[76.6466,12.3874],[76.6351,12.3822],[76.6317,12.3734],[76.6179,12.3605],[76.5928,12.358],[76.5794,12.3455],[76.5664,12.3417],[76.5556,12.3498],[76.5581,12.366],[76.5541,12.3768],[76.5506,12.3879],[76.5592,12.3965],[76.5613,12.4176],[76.5478,12.4247],[76.538,12.432],[76.5226,12.4352],[76.5115,12.4405],[76.4999,12.4438],[76.4919,12.4547],[76.476,12.4645],[76.46,12.4685],[76.4464,12.4766],[76.444,12.491],[76.4466,12.501],[76.435,12.5051],[76.4278,12.5201],[76.4181,12.5291],[76.4127,12.5399],[76.4074,12.5492],[76.3908,12.5448],[76.3855,12.5536],[76.3905,12.5652],[76.3751,12.5682],[76.371,12.5774],[76.3689,12.5885],[76.3667,12.5992],[76.3597,12.6077],[76.3606,12.6221],[76.3494,12.6313],[76.3494,12.6444],[76.3394,12.6496],[76.3422,12.6589],[76.3487,12.6655],[76.3511,12.6762],[76.357,12.6829],[76.3596,12.6964],[76.3522,12.7057],[76.3426,12.7134],[76.3391,12.7257],[76.3418,12.7366],[76.3534,12.7422],[76.3432,12.7516],[76.3471,12.7648],[76.3464,12.7795],[76.3322,12.7816],[76.3272,12.7915],[76.3282,12.8043],[76.3467,12.8031],[76.3678,12.8034],[76.3652,12.8141],[76.3726,12.8215],[76.381,12.8264],[76.3848,12.8392],[76.4061,12.8394],[76.4043,12.86],[76.4142,12.853],[76.4239,12.8452],[76.4185,12.8382],[76.4222,12.8188],[76.4339,12.8176],[76.4469,12.8048],[76.454,12.7965],[76.464,12.7884],[76.4557,12.7833],[76.4523,12.7736],[76.4719,12.7657],[76.4761,12.7746],[76.4852,12.7785],[76.493,12.7625],[76.4931,12.775],[76.4906,12.7936],[76.4933,12.8078],[76.4993,12.8166],[76.5107,12.8181],[76.5145,12.8304],[76.5271,12.8364],[76.5566,12.8391],[76.5707,12.8412],[76.5717,12.8566],[76.5765,12.8657],[76.5903,12.8736],[76.5857,12.8841],[76.591,12.8932],[76.5907,12.9107],[76.5968,12.9174],[76.5993,12.9302],[76.6125,12.9365],[76.6067,12.9534],[76.6143,12.9594],[76.6228,12.9656],[76.629,12.9779],[76.626,12.9937],[76.6346,13.0007],[76.6467,12.9998],[76.6619,13.0341],[76.6678,13.0472],[76.6784,13.0361]]]]}},{"type":"Feature","properties":{"district":"Mysuru","center":[12.2233,76.5287]},"geometry":{"type":"MultiPolygon","coordinates":[[[[76.3601,12.6036],[76.367,12.5939],[76.371,12.5774],[76.3751,12.5682],[76.3905,12.5652],[76.3855,12.5536],[76.3908,12.5448],[76.4074,12.5492],[76.4127,12.5399],[76.4211,12.5334],[76.4278,12.5201],[76.4328,12.5108],[76.4388,12.5011],[76.4467,12.4966],[76.4449,12.4806],[76.4516,12.4718],[76.476,12.4645],[76.4919,12.4547],[76.4941,12.4444],[76.5062,12.4445],[76.5226,12.4352],[76.534,12.4311],[76.5478,12.4247],[76.5613,12.4176],[76.5592,12.3965],[76.5519,12.3905],[76.5541,12.3768],[76.5581,12.366],[76.555,12.3553],[76.558,12.3449],[76.5735,12.3418],[76.5894,12.3561],[76.6095,12.36],[76.6232,12.3702],[76.6336,12.3749],[76.6378,12.3851],[76.658,12.3789],[76.6759,12.3819],[76.6776,12.3713],[76.674,12.3595],[76.6869,12.3489],[76.6932,12.3429],[76.7121,12.3477],[76.7241,12.3334],[76.7264,12.3219],[76.7358,12.31],[76.7412,12.2985],[76.7502,12.2944],[76.7578,12.3079],[76.7562,12.3217],[76.7573,12.334],[76.7635,12.3427],[76.777,12.3396],[76.7873,12.3431],[76.7978,12.3473],[76.8073,12.361],[76.8104,12.3787],[76.8235,12.3791],[76.8288,12.3876],[76.8388,12.394],[76.8479,12.4001],[76.8571,12.39],[76.8734,12.3931],[76.8888,12.4008],[76.8941,12.413],[76.8969,12.4275],[76.9119,12.4339],[76.9188,12.4217],[76.9191,12.4054],[76.9286,12.3939],[76.928,12.3805],[76.932,12.3681],[76.9311,12.3569],[76.9237,12.3453],[76.9187,12.3356],[76.9178,12.3223],[76.94,12.3229],[76.9492,12.3292],[76.9469,12.3473],[76.9616,12.3441],[76.9709,12.3389],[76.9707,12.3266],[76.9769,12.3208],[76.9807,12.3066],[76.9895,12.301],[76.9847,12.2933],[76.9738,12.295],[76.9646,12.2818],[76.9752,12.2784],[76.9839,12.2733],[76.9813,12.2532],[76.9911,12.2358],[77.0162,12.2345],[77.0242,12.2295],[77.0346,12.2268],[77.0496,12.23],[77.0599,12.2264],[77.0717,12.2269],[77.075,12.2174],[77.0894,12.2107],[77.0997,12.2251],[77.104,12.2342],[77.1165,12.2311],[77.1258,12.2192],[77.1227,12.2065],[77.1193,12.1956],[77.1067,12.1848],[77.0901,12.1817],[77.0733,12.1804],[77.0573,12.165],[77.0373,12.1608],[77.0355,12.1469],[77.0329,12.1356],[77.0357,12.1242],[77.0285,12.1292],[77.011,12.1272],[77.0063,12.1352],[77.0053,12.1561],[76.9961,12.1524],[76.9894,12.167],[76.982,12.1621],[76.9809,12.1401],[76.9683,12.1257],[76.9666,12.1132],[76.9596,12.1031],[76.9462,12.0934],[76.9353,12.0901],[76.9248,12.096],[76.915,12.1059],[76.9026,12.1053],[76.8959,12.1138],[76.8848,12.1122],[76.8795,12.1196],[76.8695,12.1259],[76.8643,12.1329],[76.8621,12.1562],[76.8545,12.1724],[76.8445,12.1704],[76.8395,12.1583],[76.8455,12.1516],[76.8348,12.1484],[76.8326,12.1364],[76.8264,12.1292],[76.8369,12.1124],[76.8566,12.1105],[76.8664,12.108],[76.8749,12.0763],[76.867,12.0676],[76.8634,12.057],[76.8521,12.0555],[76.8606,12.0518],[76.8838,12.0507],[76.8889,12.0408],[76.8989,12.0347],[76.9072,12.0251],[76.9154,12.018],[76.9306,12.0188],[76.9298,12.0075],[76.9172,12.0037],[76.9032,11.9942],[76.8961,11.9879],[76.8803,11.9891],[76.8759,12.0049],[76.8656,11.9979],[76.8552,11.9926],[76.8472,11.9882],[76.8357,11.989],[76.8275,11.9956],[76.8155,12.0028],[76.8141,12.0168],[76.8053,12.0216],[76.8001,12.0135],[76.7904,12.0066],[76.7908,11.9928],[76.7913,11.9799],[76.7812,11.9755],[76.7641,11.9808],[76.7588,11.9885],[76.7449,11.9899],[76.7371,11.9949],[76.7328,12.0029],[76.7295,11.9931],[76.7218,11.9823],[76.7084,11.9744],[76.6972,11.9802],[76.6914,11.9896],[76.6753,11.9897],[76.6667,11.9972],[76.6542,11.9998],[76.6435,11.9933],[76.6386,11.9794],[76.6308,11.9735],[76.6138,11.9801],[76.5992,11.9819],[76.5908,11.9761],[76.5758,11.9751],[76.5657,11.9563],[76.5576,11.9456],[76.5524,11.9383],[76.5643,11.9281],[76.5686,11.9139],[76.5631,11.8983],[76.5521,11.8888],[76.5474,11.8487],[76.5382,11.8551],[76.5262,11.8636],[76.5062,11.8569],[76.4965,11.8528],[76.4833,11.8514],[76.4815,11.8316],[76.4844,11.8137],[76.4623,11.8098],[76.4542,11.7833],[76.4466,11.7878],[76.4161,11.7984],[76.405,11.8041],[76.417,11.7933],[76.4213,11.7848],[76.4133,11.7802],[76.4083,11.7703],[76.4133,11.7604],[76.4077,11.7533],[76.3907,11.7429],[76.3723,11.7362],[76.356,11.7399],[76.3463,11.7305],[76.3243,11.7387],[76.3105,11.7439],[76.3031,11.7696],[76.2947,11.7781],[76.2837,11.7849],[76.2751,11.8008],[76.2531,11.7998],[76.2444,11.7953],[76.2321,11.7965],[76.2185,11.8],[76.212,11.8143],[76.2072,11.8318],[76.2034,11.8491],[76.1961,11.8555],[76.184,11.8638],[76.1626,11.86],[76.1494,11.861],[76.139,11.8571],[76.1256,11.8448],[76.1081,11.8512],[76.1087,11.8706],[76.1087,11.9281],[76.1079,11.9706],[76.1173,11.975],[76.127,11.9819],[76.1362,11.9939],[76.1438,11.9998],[76.1498,12.0126],[76.1599,12.0177],[76.1726,12.0203],[76.1801,12.028],[76.1831,12.0458],[76.1738,12.0622],[76.1708,12.0734],[76.1716,12.0944],[76.165,12.1119],[76.1588,12.12],[76.1512,12.1321],[76.1452,12.1392],[76.1387,12.1502],[76.1342,12.1643],[76.1304,12.179],[76.1261,12.1874],[76.1171,12.1832],[76.101,12.1883],[76.0881,12.2051],[76.0769,12.2185],[76.0683,12.2327],[76.0569,12.2437],[76.0465,12.2408],[76.0355,12.2464],[76.0241,12.2454],[76.0124,12.2536],[76.0121,12.2711],[76.0106,12.2831],[76.0012,12.2949],[75.9921,12.3099],[75.995,12.3191],[75.9867,12.3254],[75.9783,12.3322],[75.9677,12.3361],[75.957,12.3392],[75.9393,12.3573],[75.9299,12.3718],[75.9158,12.3801],[75.9081,12.3874],[75.9145,12.4055],[75.9212,12.4234],[75.9262,12.4315],[75.9349,12.4361],[75.943,12.4402],[75.952,12.4435],[75.9629,12.4422],[75.9667,12.4559],[75.9628,12.4664],[75.9575,12.4804],[75.9595,12.4971],[75.9702,12.5036],[75.9793,12.5145],[75.9932,12.5178],[75.9851,12.5299],[75.9943,12.5355],[75.989,12.5487],[75.9997,12.5517],[76.0102,12.5473],[76.0162,12.5606],[76.021,12.5678],[76.0344,12.5662],[76.0463,12.5502],[76.0639,12.5484],[76.0733,12.5379],[76.0869,12.5376],[76.0958,12.5285],[76.0997,12.5189],[76.104,12.5087],[76.1158,12.5152],[76.1271,12.5198],[76.1325,12.5282],[76.1389,12.5343],[76.1483,12.5385],[76.1493,12.5499],[76.1475,12.5609],[76.1548,12.5696],[76.1696,12.5703],[76.1881,12.5678],[76.1896,12.5833],[76.1933,12.5941],[76.2027,12.6082],[76.2123,12.6108],[76.2095,12.6204],[76.2169,12.6361],[76.237,12.6323],[76.2439,12.6265],[76.2603,12.6135],[76.2648,12.6228],[76.2775,12.6237],[76.2779,12.6116],[76.2899,12.6132],[76.2953,12.6249],[76.2985,12.6157],[76.3043,12.6053],[76.3172,12.6033],[76.3262,12.6084],[76.3183,12.6267],[76.3351,12.6395],[76.3394,12.6496],[76.3494,12.6444],[76.3494,12.6313],[76.3606,12.6221],[76.3597,12.6077],[76.3601,12.6036]]]]}},{"type":"Feature","properties":{"district":"Raichur","center":[16.0674,76.9003]},"geometry":{"type":"MultiPolygon","coordinates":[[[[77.0111,16.4975],[77.0234,16.4981],[77.0355,16.5092],[77.0498,16.5142],[77.0623,16.5098],[77.0693,16.5028],[77.0833,16.4946],[77.0931,16.4875],[77.1115,16.4785],[77.1241,16.4753],[77.1418,16.4745],[77.1546,16.4667],[77.1607,16.4576],[77.1628,16.4468],[77.1675,16.4312],[77.1794,16.4258],[77.1979,16.421],[77.2199,16.4165],[77.2399,16.4127],[77.2496,16.4079],[77.2639,16.3981],[77.2847,16.403],[77.2946,16.3996],[77.307,16.394],[77.3327,16.3883],[77.3429,16.3797],[77.3525,16.3766],[77.3732,16.3799],[77.3881,16.3718],[77.4011,16.366],[77.4117,16.3627],[77.4278,16.3651],[77.4352,16.3727],[77.449,16.3758],[77.4613,16.3754],[77.4814,16.3778],[77.4945,16.3758],[77.5101,16.3702],[77.5286,16.3584],[77.5443,16.3498],[77.5545,16.3416],[77.5718,16.336],[77.5864,16.3379],[77.5866,16.3204],[77.5908,16.312],[77.5884,16.2957],[77.5807,16.2861],[77.5693,16.2948],[77.5495,16.2907],[77.5398,16.2826],[77.5338,16.2626],[77.5258,16.267],[77.5131,16.2707],[77.5012,16.2678],[77.499,16.2579],[77.4876,16.2498],[77.4888,16.2243],[77.5022,16.2248],[77.5112,16.2172],[77.4953,16.213],[77.4949,16.1954],[77.4884,16.1787],[77.4836,16.1586],[77.4881,16.1474],[77.4886,16.1265],[77.4867,16.1158],[77.5027,16.1095],[77.5094,16.1035],[77.4979,16.0972],[77.4929,16.0838],[77.5029,16.0732],[77.4995,16.0543],[77.4907,16.0306],[77.4988,16.0172],[77.5017,16.0055],[77.5084,15.9958],[77.5055,15.9788],[77.509,15.9674],[77.5159,15.9575],[77.5146,15.9434],[77.5095,15.9209],[77.4973,15.9263],[77.4833,15.9281],[77.467,15.9276],[77.4525,15.9315],[77.4365,15.939],[77.4264,15.9423],[77.4164,15.938],[77.4,15.9355],[77.3856,15.9345],[77.3681,15.936],[77.3599,15.9416],[77.3352,15.9433],[77.3148,15.9452],[77.3002,15.9505],[77.2824,15.9474],[77.2632,15.9514],[77.2489,15.9577],[77.2361,15.9527],[77.2187,15.9516],[77.203,15.9499],[77.1878,15.9507],[77.1707,15.9455],[77.1571,15.9445],[77.1434,15.9406],[77.1299,15.9304],[77.1046,15.9245],[77.0901,15.9179],[77.0768,15.9097],[77.066,15.8993],[77.0582,15.8872],[77.0525,15.8763],[77.041,15.864],[77.0332,15.8531],[77.029,15.8449],[77.0223,15.8318],[77.0127,15.8197],[77.0061,15.8136],[76.9962,15.8048],[76.9889,15.7951],[76.981,15.7884],[76.9679,15.7741],[76.9593,15.7658],[76.944,15.7569],[76.9351,15.7469],[76.9241,15.7304],[76.9174,15.7136],[76.915,15.6953],[76.9084,15.686],[76.8926,15.6803],[76.8813,15.6678],[76.8701,15.6602],[76.8627,15.651],[76.8567,15.6388],[76.8359,15.6252],[76.8307,15.6113],[76.8343,15.5978],[76.8334,15.5642],[76.8106,15.5422],[76.7965,15.5459],[76.778,15.551],[76.7614,15.5597],[76.7541,15.5645],[76.7523,15.579],[76.7448,15.5861],[76.7235,15.5861],[76.7131,15.5887],[76.6989,15.589],[76.6875,15.5902],[76.6834,15.6016],[76.6777,15.622],[76.6918,15.6184],[76.6896,15.6412],[76.6673,15.634],[76.6693,15.6527],[76.651,15.6562],[76.6239,15.6661],[76.5973,15.6688],[76.5958,15.6952],[76.5853,15.6927],[76.5591,15.7013],[76.5424,15.6943],[76.5351,15.699],[76.523,15.7039],[76.5099,15.7116],[76.4968,15.7069],[76.49,15.7013],[76.4812,15.71],[76.4672,15.7196],[76.4488,15.7278],[76.4454,15.7367],[76.4383,15.7441],[76.4376,15.762],[76.4382,15.7801],[76.4245,15.7813],[76.4171,15.786],[76.4116,15.7932],[76.4214,15.8016],[76.4367,15.8186],[76.4457,15.8277],[76.4504,15.8383],[76.436,15.8514],[76.4197,15.8613],[76.4257,15.8841],[76.4145,15.8905],[76.4028,15.8942],[76.3932,15.8979],[76.3791,15.8974],[76.3734,15.9108],[76.3556,15.9024],[76.3568,15.888],[76.3577,15.8746],[76.3553,15.8622],[76.3375,15.8682],[76.3443,15.8834],[76.3349,15.8976],[76.3166,15.8976],[76.3105,15.8903],[76.2982,15.8901],[76.2842,15.8979],[76.2843,15.9222],[76.3003,15.9242],[76.3094,15.9184],[76.3266,15.9274],[76.3206,15.9493],[76.3008,15.9656],[76.2959,15.9885],[76.3053,15.9942],[76.312,16.0066],[76.3051,16.0211],[76.3036,16.0427],[76.3064,16.0614],[76.3016,16.0693],[76.2821,16.0705],[76.2597,16.07],[76.26,16.0857],[76.2929,16.0841],[76.304,16.0791],[76.3282,16.073],[76.3332,16.087],[76.2901,16.1012],[76.2697,16.1046],[76.262,16.0946],[76.2537,16.1068],[76.2463,16.1231],[76.2343,16.127],[76.2399,16.1622],[76.2569,16.1555],[76.2717,16.148],[76.2841,16.1488],[76.2901,16.1589],[76.2927,16.1733],[76.3032,16.1816],[76.3208,16.1855],[76.3346,16.1885],[76.3452,16.1931],[76.364,16.2062],[76.3957,16.2272],[76.4034,16.2339],[76.4175,16.2443],[76.434,16.2578],[76.477,16.2869],[76.4935,16.2927],[76.5132,16.2961],[76.522,16.3011],[76.5446,16.3117],[76.5569,16.3201],[76.5784,16.3371],[76.594,16.3359],[76.613,16.3395],[76.6347,16.3516],[76.6461,16.3554],[76.6686,16.3708],[76.6858,16.3782],[76.7042,16.3886],[76.7447,16.4087],[76.757,16.423],[76.7829,16.4129],[76.8205,16.4203],[76.8363,16.4251],[76.8453,16.43],[76.8546,16.4411],[76.8604,16.4516],[76.8654,16.4648],[76.8627,16.4779],[76.8797,16.4896],[76.9095,16.4823],[76.9398,16.4954],[76.9671,16.5016],[76.9736,16.5101],[76.9685,16.5301],[76.9694,16.5496],[76.9798,16.5574],[76.9969,16.5552],[77.0031,16.5486],[77.008,16.5378],[77.0049,16.5229],[77.0056,16.5043],[77.0111,16.4975]]]]}},{"type":"Feature","properties":{"district":"Shivamogga","center":[14.0916,75.1747]},"geometry":{"type":"MultiPolygon","coordinates":[[[[75.1255,14.6268],[75.1411,14.628],[75.1465,14.616],[75.1564,14.6187],[75.1649,14.6137],[75.1673,14.6235],[75.1747,14.6299],[75.1836,14.6225],[75.1955,14.6191],[75.2054,14.627],[75.2135,14.6194],[75.2091,14.6111],[75.2072,14.5937],[75.1838,14.5946],[75.1865,14.5819],[75.1983,14.579],[75.206,14.5707],[75.2252,14.5819],[75.232,14.5731],[75.229,14.5636],[75.2392,14.5532],[75.244,14.5647],[75.2493,14.576],[75.2666,14.5756],[75.2762,14.564],[75.2861,14.5555],[75.2935,14.5457],[75.298,14.5348],[75.2882,14.527],[75.2755,14.5259],[75.2711,14.5165],[75.2774,14.5062],[75.2879,14.5086],[75.3109,14.5071],[75.3248,14.5052],[75.3294,14.4936],[75.3438,14.4825],[75.3435,14.4698],[75.3477,14.4542],[75.3448,14.4306],[75.3592,14.4255],[75.3638,14.4351],[75.3776,14.4294],[75.3789,14.4063],[75.366,14.4073],[75.3572,14.4018],[75.3497,14.3837],[75.3604,14.3784],[75.3713,14.3662],[75.3921,14.3627],[75.4064,14.3514],[75.4168,14.3484],[75.4285,14.345],[75.4409,14.3359],[75.4544,14.3246],[75.4774,14.313],[75.4789,14.3255],[75.4769,14.341],[75.4883,14.3351],[75.4996,14.3394],[75.5043,14.3097],[75.5198,14.2969],[75.5229,14.2872],[75.5342,14.2814],[75.5298,14.2728],[75.5292,14.2598],[75.5284,14.2241],[75.5284,14.2057],[75.5199,14.1965],[75.5124,14.2065],[75.4788,14.2105],[75.4706,14.2046],[75.4576,14.202],[75.4692,14.1841],[75.4853,14.1699],[75.4608,14.1691],[75.4436,14.1576],[75.4306,14.1462],[75.4216,14.1357],[75.4014,14.1202],[75.4239,14.1028],[75.4353,14.1001],[75.4464,14.0917],[75.4617,14.0946],[75.4721,14.0969],[75.4899,14.098],[75.5001,14.0938],[75.5159,14.0921],[75.5367,14.0824],[75.5453,14.0721],[75.5707,14.0613],[75.5855,14.0529],[75.5942,14.0577],[75.6059,14.0523],[75.6146,14.0627],[75.6265,14.0695],[75.6351,14.0742],[75.6578,14.0628],[75.6698,14.0611],[75.7093,14.0685],[75.7218,14.07],[75.7305,14.0637],[75.7323,14.0519],[75.7186,14.0489],[75.7071,14.05],[75.6929,14.0407],[75.6875,14.0312],[75.6756,14.0185],[75.6719,14.0063],[75.6737,13.9897],[75.6817,13.9736],[75.6881,13.9643],[75.6962,13.9526],[75.7077,13.9391],[75.7083,13.9261],[75.7117,13.9107],[75.7003,13.9099],[75.6882,13.9089],[75.6743,13.9072],[75.6699,13.8912],[75.6558,13.893],[75.6607,13.8826],[75.6548,13.8748],[75.6504,13.8633],[75.6393,13.8614],[75.6311,13.8464],[75.6191,13.8408],[75.6043,13.8161],[75.6046,13.8006],[75.601,13.7904],[75.6053,13.7563],[75.5872,13.7536],[75.5724,13.752],[75.5674,13.7447],[75.5593,13.7354],[75.5525,13.7302],[75.5449,13.7257],[75.5312,13.7299],[75.5228,13.7376],[75.5171,13.7486],[75.5055,13.7611],[75.4935,13.7612],[75.4673,13.7432],[75.4611,13.7319],[75.4556,13.7202],[75.4375,13.7136],[75.427,13.7107],[75.4194,13.7026],[75.4064,13.7009],[75.3942,13.7039],[75.3837,13.707],[75.3886,13.6951],[75.3965,13.6884],[75.4082,13.6675],[75.4107,13.6563],[75.4115,13.6429],[75.407,13.6277],[75.394,13.6213],[75.3893,13.614],[75.3785,13.618],[75.3657,13.6183],[75.3651,13.6012],[75.3559,13.5917],[75.3511,13.5842],[75.3441,13.5777],[75.3296,13.5806],[75.321,13.588],[75.3084,13.582],[75.296,13.5804],[75.2891,13.5715],[75.2792,13.5631],[75.2695,13.5661],[75.2666,13.5769],[75.2573,13.5854],[75.2518,13.5943],[75.244,13.6013],[75.2351,13.5966],[75.223,13.5999],[75.2157,13.588],[75.2127,13.5785],[75.2262,13.5662],[75.2175,13.5571],[75.225,13.5481],[75.224,13.5311],[75.2077,13.5221],[75.2031,13.5084],[75.1865,13.5059],[75.1771,13.4975],[75.1612,13.494],[75.1536,13.4866],[75.1474,13.4766],[75.138,13.4704],[75.1407,13.4591],[75.1281,13.4605],[75.1178,13.4554],[75.1123,13.4674],[75.1062,13.4803],[75.0931,13.4901],[75.0807,13.4921],[75.0792,13.5069],[75.0716,13.52],[75.0604,13.5186],[75.0502,13.5367],[75.0479,13.5526],[75.0389,13.5631],[75.037,13.5745],[75.0479,13.5819],[75.0569,13.585],[75.0622,13.5971],[75.0575,13.6075],[75.0373,13.6111],[75.027,13.6262],[75.0186,13.6328],[75.0148,13.6495],[75.0187,13.661],[75.0281,13.6642],[75.0136,13.6783],[75.0144,13.6903],[75.0031,13.708],[74.9948,13.7166],[74.9999,13.7259],[74.9986,13.7376],[74.9825,13.7451],[74.9746,13.7498],[74.9599,13.7535],[74.9521,13.7581],[74.9429,13.7623],[74.9352,13.7681],[74.9378,13.787],[74.9309,13.7952],[74.9294,13.8067],[74.9238,13.8184],[74.9211,13.8334],[74.9186,13.8483],[74.9115,13.8578],[74.9029,13.8615],[74.8911,13.8642],[74.88,13.8583],[74.8701,13.856],[74.8636,13.8685],[74.8582,13.8816],[74.8491,13.8911],[74.8389,13.8979],[74.8245,13.9052],[74.8047,13.9071],[74.7945,13.9107],[74.7791,13.9127],[74.7589,13.9081],[74.7489,13.912],[74.7292,13.906],[74.7171,13.9149],[74.7143,13.9256],[74.7014,13.9264],[74.7045,13.9363],[74.7002,13.9533],[74.6888,13.962],[74.6805,13.9681],[74.676,13.9761],[74.6704,13.9928],[74.6729,14.0099],[74.6809,14.0347],[74.6694,14.0371],[74.6595,14.0406],[74.6638,14.0583],[74.6563,14.0781],[74.6437,14.0941],[74.6592,14.1117],[74.6476,14.1408],[74.6328,14.1431],[74.6304,14.1616],[74.6549,14.1696],[74.6702,14.1842],[74.6943,14.1673],[74.7008,14.1729],[74.7152,14.1649],[74.7229,14.1561],[74.735,14.1515],[74.7465,14.1491],[74.7322,14.1752],[74.7205,14.2307],[74.7256,14.2416],[74.7341,14.2637],[74.7435,14.26],[74.7627,14.2421],[74.7703,14.235],[74.7862,14.2347],[74.7962,14.2295],[74.8156,14.2311],[74.8302,14.2263],[74.8442,14.224],[74.8523,14.2149],[74.8627,14.2126],[74.8714,14.2186],[74.8733,14.2391],[74.8835,14.2328],[74.8801,14.2212],[74.885,14.2138],[74.899,14.2186],[74.9028,14.2294],[74.9141,14.2275],[74.926,14.2305],[74.9382,14.2419],[74.9413,14.253],[74.9333,14.2656],[74.9319,14.2773],[74.9174,14.275],[74.9129,14.2857],[74.9178,14.3015],[74.9287,14.3183],[74.9445,14.3198],[74.9569,14.3174],[74.9692,14.3189],[74.9796,14.3173],[74.9783,14.3317],[74.9707,14.3381],[74.9601,14.3473],[74.9492,14.3526],[74.9457,14.3655],[74.9554,14.3763],[74.954,14.3917],[74.9412,14.4013],[74.9242,14.4293],[74.8888,14.4279],[74.8807,14.4458],[74.8901,14.4572],[74.9047,14.461],[74.913,14.4568],[74.9242,14.458],[74.92,14.4664],[74.9088,14.4702],[74.8978,14.4716],[74.8961,14.4915],[74.9006,14.5031],[74.908,14.5135],[74.9086,14.5261],[74.9336,14.5255],[74.9414,14.5176],[74.9472,14.5246],[74.9556,14.5355],[74.9602,14.5474],[74.9746,14.5507],[74.9831,14.5321],[74.986,14.5219],[74.9825,14.5121],[74.9958,14.5006],[74.9899,14.4836],[74.9943,14.4724],[75.0024,14.4771],[75.0105,14.4831],[75.0173,14.4916],[75.0271,14.4943],[75.0449,14.4974],[75.0448,14.5125],[75.0414,14.523],[75.055,14.5284],[75.0646,14.5384],[75.0513,14.5411],[75.0358,14.5512],[75.0266,14.5607],[75.0294,14.5776],[75.0285,14.5959],[75.0331,14.6131],[75.04,14.6233],[75.045,14.6321],[75.0528,14.639],[75.0671,14.6473],[75.0772,14.6501],[75.0875,14.6479],[75.1034,14.6451],[75.1167,14.6348],[75.1255,14.6268]]]]}},{"type":"Feature","properties":{"district":"Tumakuru","center":[13.6519,77.0343]},"geometry":{"type":"MultiPolygon","coordinates":[[[[76.9715,14.0524],[76.9497,14.0478],[76.9337,14.0407],[76.9311,14.0227],[76.9423,14.0155],[76.9486,14.0068],[76.9642,14.0022],[76.9752,13.9966],[76.985,13.9875],[76.9944,13.9815],[76.9902,13.9703],[76.989,13.9567],[76.9994,13.9504],[77.014,13.9395],[77.0358,13.9256],[77.0413,13.8974],[77.0278,13.8972],[77.0173,13.8934],[77.0117,13.8714],[77.008,13.8629],[77.006,13.8501],[76.9941,13.839],[76.984,13.8277],[76.9765,13.8214],[76.9684,13.8144],[76.98,13.8072],[76.9858,13.793],[76.9844,13.7766],[76.9863,13.7665],[76.9901,13.7531],[76.9926,13.7426],[77.0019,13.7367],[77.0114,13.7327],[77.0138,13.7475],[77.0184,13.7617],[77.0264,13.7714],[77.0473,13.7561],[77.0547,13.7445],[77.0715,13.7388],[77.0793,13.746],[77.0852,13.7546],[77.0953,13.7609],[77.1109,13.7546],[77.1235,13.7509],[77.1341,13.753],[77.1467,13.7548],[77.1666,13.7547],[77.1713,13.772],[77.1641,13.7804],[77.1585,13.7871],[77.1557,13.7981],[77.1562,13.8113],[77.1622,13.8207],[77.1479,13.8289],[77.1405,13.8379],[77.1253,13.843],[77.1394,13.859],[77.1625,13.857],[77.1624,13.8763],[77.157,13.8913],[77.1596,13.9085],[77.1701,13.9163],[77.1816,13.9108],[77.1813,13.8912],[77.1796,13.8783],[77.1751,13.8614],[77.1927,13.8562],[77.201,13.8665],[77.2049,13.8812],[77.2081,13.8604],[77.217,13.8693],[77.2209,13.8818],[77.2255,13.8955],[77.2401,13.8941],[77.2388,13.8815],[77.2407,13.8659],[77.253,13.8561],[77.2504,13.8395],[77.2751,13.8428],[77.2855,13.846],[77.296,13.8536],[77.3069,13.8572],[77.3162,13.8397],[77.32,13.8258],[77.3347,13.8294],[77.347,13.8396],[77.3595,13.8457],[77.3731,13.8382],[77.3811,13.8313],[77.3992,13.8324],[77.4187,13.8335],[77.4247,13.8267],[77.4151,13.8154],[77.4082,13.8025],[77.4193,13.7997],[77.4287,13.788],[77.4355,13.7992],[77.4468,13.802],[77.4575,13.7971],[77.4508,13.7855],[77.4587,13.7498],[77.4601,13.7339],[77.4581,13.723],[77.4534,13.7041],[77.4448,13.6958],[77.4498,13.6758],[77.4327,13.6742],[77.4282,13.6652],[77.3948,13.665],[77.3835,13.6564],[77.3707,13.6375],[77.3638,13.627],[77.3568,13.6138],[77.3555,13.5972],[77.3576,13.5853],[77.3688,13.5807],[77.3748,13.5684],[77.3759,13.5476],[77.377,13.5366],[77.3833,13.5279],[77.3859,13.518],[77.3779,13.5075],[77.3794,13.4924],[77.3741,13.4844],[77.3698,13.4765],[77.3667,13.4672],[77.3597,13.4584],[77.3466,13.4519],[77.3451,13.4391],[77.3563,13.4274],[77.3568,13.4119],[77.3418,13.4097],[77.336,13.3707],[77.3365,13.3472],[77.3374,13.3322],[77.332,13.3219],[77.3054,13.3146],[77.3029,13.3044],[77.275,13.3021],[77.2759,13.2898],[77.2645,13.299],[77.2488,13.301],[77.2389,13.2947],[77.2235,13.3032],[77.2158,13.287],[77.2143,13.2763],[77.2157,13.2607],[77.2019,13.2543],[77.1916,13.2591],[77.1817,13.2642],[77.1796,13.2477],[77.1845,13.2339],[77.1786,13.2256],[77.1826,13.2163],[77.1872,13.2024],[77.1955,13.1852],[77.1907,13.1727],[77.1768,13.177],[77.1622,13.1754],[77.1593,13.1871],[77.1494,13.1837],[77.142,13.1659],[77.1243,13.1569],[77.1137,13.1536],[77.1128,13.1371],[77.1095,13.1215],[77.101,13.1301],[77.0899,13.1356],[77.0864,13.1265],[77.0748,13.1243],[77.0657,13.1167],[77.0689,13.0985],[77.0763,13.0792],[77.0673,13.0625],[77.0709,13.0499],[77.0655,13.0382],[77.0753,13.0289],[77.0881,13.0197],[77.0985,13.0153],[77.1068,13.0087],[77.0957,12.9964],[77.0995,12.9849],[77.1099,12.9869],[77.1228,12.9862],[77.119,12.9962],[77.1309,12.9926],[77.1371,12.9811],[77.1266,12.9766],[77.1314,12.9594],[77.149,12.9507],[77.1529,12.9388],[77.1542,12.9272],[77.1522,12.9039],[77.1425,12.9071],[77.1303,12.8912],[77.1184,12.8899],[77.1072,12.8864],[77.1131,12.8776],[77.1254,12.8794],[77.1271,12.8657],[77.1254,12.8504],[77.1331,12.8429],[77.1425,12.8392],[77.1424,12.8248],[77.149,12.8172],[77.1331,12.8007],[77.1392,12.7898],[77.1414,12.7752],[77.1289,12.7724],[77.1128,12.7639],[77.1032,12.767],[77.0897,12.7603],[77.0855,12.7486],[77.0732,12.7384],[77.0613,12.7473],[77.0462,12.739],[77.0365,12.7647],[77.0278,12.7606],[77.0181,12.7538],[77.0028,12.7564],[77.0033,12.7734],[76.9924,12.7672],[76.9831,12.7775],[76.974,12.7836],[76.9636,12.7951],[76.9514,12.7956],[76.9405,12.7935],[76.9274,12.7948],[76.9144,12.8015],[76.9099,12.8109],[76.8993,12.8186],[76.8958,12.8289],[76.8893,12.8425],[76.8857,12.86],[76.8857,12.8748],[76.8807,12.8907],[76.8696,12.8893],[76.8575,12.8995],[76.8603,12.9092],[76.8738,12.9129],[76.8863,12.9103],[76.883,12.9241],[76.8572,12.9206],[76.8441,12.9307],[76.8323,12.9372],[76.8327,12.9644],[76.8447,12.9665],[76.8281,12.9831],[76.8207,12.9932],[76.8085,12.9955],[76.8035,13.0051],[76.7878,13.0064],[76.778,13.0111],[76.7559,13.0278],[76.7388,13.0278],[76.7187,13.0321],[76.7051,13.0306],[76.6883,13.0284],[76.6784,13.0361],[76.6678,13.0472],[76.6619,13.0341],[76.6499,13.0045],[76.6406,12.9983],[76.6289,12.9979],[76.6178,12.9992],[76.6025,13.002],[76.6023,13.0232],[76.5976,13.036],[76.6017,13.0463],[76.6142,13.0504],[76.606,13.0619],[76.5925,13.0679],[76.5822,13.0639],[76.5586,13.0671],[76.5478,13.0692],[76.5277,13.0709],[76.5193,13.0667],[76.5118,13.0621],[76.5032,13.0688],[76.4952,13.0783],[76.4903,13.088],[76.4788,13.0859],[76.4701,13.082],[76.4632,13.0891],[76.4651,13.1074],[76.467,13.1182],[76.4694,13.1284],[76.47,13.1406],[76.4521,13.1394],[76.4477,13.157],[76.4368,13.1656],[76.425,13.1637],[76.4223,13.1781],[76.4111,13.183],[76.3912,13.1862],[76.38,13.1903],[76.3675,13.1925],[76.3661,13.2048],[76.3745,13.2131],[76.3754,13.225],[76.361,13.2276],[76.3578,13.2437],[76.3539,13.2524],[76.3511,13.2796],[76.345,13.288],[76.3448,13.3088],[76.3477,13.3181],[76.3426,13.3399],[76.3419,13.3539],[76.3604,13.3566],[76.3773,13.3576],[76.3829,13.3642],[76.3868,13.3736],[76.3872,13.3886],[76.3934,13.3963],[76.3961,13.4141],[76.4012,13.423],[76.4137,13.4414],[76.403,13.4528],[76.4063,13.4647],[76.4031,13.4815],[76.3933,13.4852],[76.3939,13.4966],[76.4045,13.4986],[76.4149,13.5094],[76.4224,13.5175],[76.4047,13.5188],[76.3924,13.5279],[76.3789,13.5284],[76.3714,13.5353],[76.3598,13.5403],[76.3533,13.564],[76.3557,13.5763],[76.3721,13.5855],[76.3793,13.5712],[76.3903,13.5835],[76.4062,13.5729],[76.421,13.5755],[76.4267,13.5841],[76.4358,13.5872],[76.4507,13.5835],[76.4569,13.5907],[76.4533,13.6049],[76.4672,13.614],[76.4864,13.6162],[76.4948,13.6201],[76.5073,13.6231],[76.5153,13.633],[76.5278,13.6462],[76.5252,13.6571],[76.5438,13.6666],[76.5594,13.6767],[76.5698,13.6794],[76.5723,13.6925],[76.5686,13.7071],[76.5838,13.7121],[76.5947,13.7171],[76.6085,13.7166],[76.6162,13.7274],[76.6258,13.708],[76.6393,13.7087],[76.6553,13.7145],[76.6697,13.7118],[76.6692,13.6999],[76.6768,13.6877],[76.6849,13.7027],[76.6827,13.724],[76.6846,13.7371],[76.6929,13.753],[76.707,13.776],[76.7118,13.7839],[76.7203,13.7899],[76.7263,13.7805],[76.7586,13.773],[76.7645,13.7933],[76.7623,13.8135],[76.762,13.8293],[76.7541,13.8347],[76.7259,13.8739],[76.7199,13.8836],[76.7322,13.8975],[76.75,13.9011],[76.7493,13.9124],[76.7613,13.9133],[76.7767,13.9172],[76.8042,13.9091],[76.8087,13.9286],[76.8172,13.9336],[76.8379,13.9549],[76.8437,13.972],[76.8312,13.979],[76.8199,13.9878],[76.8273,13.9983],[76.8326,14.0087],[76.8554,14.0056],[76.866,14.0028],[76.8743,14.0104],[76.8871,14.0406],[76.8994,14.0521],[76.9129,14.0542],[76.9238,14.0657],[76.929,14.0736],[76.9463,14.0853],[76.9601,14.083],[76.9718,14.0757],[76.975,14.0653],[76.9715,14.0524]]],[[[77.1598,14.3362],[77.1719,14.3302],[77.1964,14.3143],[77.2098,14.313],[77.2229,14.315],[77.232,14.3111],[77.2451,14.3145],[77.2513,14.3206],[77.2673,14.327],[77.2811,14.3311],[77.2827,14.3023],[77.2819,14.2905],[77.2796,14.2761],[77.2955,14.2765],[77.3075,14.2738],[77.3206,14.2735],[77.3434,14.2705],[77.3593,14.2693],[77.3592,14.2436],[77.3554,14.23],[77.3643,14.2233],[77.3766,14.2167],[77.3801,14.2026],[77.3838,14.1918],[77.4149,14.2032],[77.4147,14.2171],[77.4091,14.2236],[77.4062,14.2367],[77.4048,14.2486],[77.401,14.2604],[77.3899,14.2614],[77.385,14.2725],[77.3812,14.283],[77.375,14.2952],[77.3788,14.3171],[77.3857,14.3249],[77.3949,14.3292],[77.4093,14.3271],[77.4207,14.322],[77.4275,14.3048],[77.4423,14.3098],[77.4424,14.2909],[77.4436,14.2776],[77.4547,14.2722],[77.4684,14.2794],[77.4791,14.2837],[77.4844,14.2753],[77.4963,14.2718],[77.4994,14.2605],[77.4963,14.2404],[77.4901,14.2276],[77.4931,14.214],[77.4997,14.2045],[77.5011,14.1932],[77.5041,14.1807],[77.5104,14.172],[77.5027,14.1571],[77.4885,14.1531],[77.4633,14.1642],[77.4235,14.1651],[77.4097,14.1697],[77.3975,14.1665],[77.3896,14.1535],[77.3826,14.1477],[77.3787,14.1383],[77.365,14.1271],[77.3549,14.1237],[77.3465,14.1179],[77.3445,14.096],[77.3525,14.1054],[77.3733,14.1126],[77.3897,14.1186],[77.3964,14.1106],[77.3857,14.0935],[77.3724,14.0719],[77.3614,14.066],[77.3501,14.0534],[77.338,14.0538],[77.3313,14.0398],[77.3262,14.0229],[77.3441,14.0191],[77.3623,14.016],[77.3751,14.0121],[77.3834,14.0074],[77.3799,13.9933],[77.3732,13.9817],[77.3757,13.9691],[77.3865,13.974],[77.4102,13.9769],[77.4266,13.9733],[77.4309,13.962],[77.4287,13.9433],[77.4077,13.9361],[77.4084,13.9216],[77.4225,13.912],[77.4256,13.9021],[77.419,13.8949],[77.4085,13.8888],[77.3971,13.8805],[77.3904,13.8977],[77.3588,13.8956],[77.3459,13.9033],[77.3426,13.9122],[77.3526,13.9285],[77.3626,13.9423],[77.3437,13.9509],[77.3469,13.9606],[77.3534,13.9763],[77.3457,13.9856],[77.3335,13.9881],[77.3241,14.0053],[77.317,14.0153],[77.3135,14.0248],[77.298,14.023],[77.2923,14.0145],[77.2785,14.0069],[77.2742,14.0162],[77.2715,14.0281],[77.2558,14.021],[77.2426,14.0063],[77.2273,14.008],[77.2077,14.0049],[77.1946,14.0029],[77.1714,14.0086],[77.1617,14.0062],[77.1582,13.9935],[77.1473,13.9916],[77.1395,13.9972],[77.1329,14.0042],[77.1278,14.0187],[77.1247,14.0347],[77.1102,14.042],[77.0967,14.0407],[77.0765,14.038],[77.069,14.0472],[77.0512,14.0496],[77.0349,14.0514],[77.0237,14.0533],[77.0245,14.0772],[77.0147,14.0887],[77.0083,14.0981],[77.0166,14.1061],[77.0203,14.1223],[77.0149,14.1322],[77.016,14.1527],[77.0211,14.1643],[77.02,14.1779],[77.0095,14.1875],[76.9985,14.192],[77.0024,14.2046],[76.9991,14.2193],[77.0041,14.2316],[77.0246,14.2367],[77.033,14.2405],[77.0496,14.2395],[77.0553,14.2323],[77.0602,14.2242],[77.0676,14.2179],[77.0753,14.2093],[77.0952,14.2095],[77.1051,14.2133],[77.1099,14.2215],[77.113,14.2399],[77.1155,14.2568],[77.1069,14.2618],[77.1105,14.2749],[77.1119,14.2875],[77.1258,14.3015],[77.1309,14.3138],[77.1319,14.3306],[77.1405,14.3361],[77.1522,14.3377],[77.1598,14.3362]]]]}},{"type":"Feature","properties":{"district":"Udupi","center":[13.4541,74.8526]},"geometry":{"type":"MultiPolygon","coordinates":[[[[74.7042,13.9468],[74.6962,13.9327],[74.7112,13.924],[74.7171,13.9149],[74.7201,13.9035],[74.739,13.9108],[74.7547,13.9108],[74.768,13.9121],[74.7929,13.9115],[74.7975,13.9034],[74.8168,13.9038],[74.8389,13.8979],[74.8491,13.8911],[74.8582,13.8816],[74.8636,13.8685],[74.8701,13.856],[74.88,13.8583],[74.8911,13.8642],[74.9029,13.8615],[74.9115,13.8578],[74.9186,13.8483],[74.92,13.837],[74.9238,13.8184],[74.9294,13.8067],[74.9309,13.7952],[74.9378,13.787],[74.9352,13.7727],[74.9429,13.7623],[74.9521,13.7581],[74.9599,13.7535],[74.9746,13.7498],[74.9825,13.7451],[74.9919,13.7418],[75.0003,13.7354],[74.9987,13.7211],[74.9932,13.7092],[75.0208,13.6955],[75.0136,13.6783],[75.026,13.6705],[75.0231,13.6607],[75.0148,13.6495],[75.0187,13.6397],[75.0218,13.6285],[75.0331,13.6171],[75.0512,13.6061],[75.0622,13.5971],[75.0581,13.5878],[75.0522,13.5815],[75.037,13.5745],[75.0389,13.5631],[75.0441,13.554],[75.0502,13.5416],[75.0636,13.525],[75.0716,13.52],[75.0776,13.5114],[75.0791,13.4984],[75.0843,13.49],[75.0989,13.4846],[75.109,13.4714],[75.1128,13.4582],[75.1281,13.4605],[75.1407,13.4591],[75.1466,13.4514],[75.1551,13.4448],[75.1515,13.4348],[75.1512,13.4169],[75.1445,13.4061],[75.1473,13.3935],[75.142,13.3845],[75.1327,13.3879],[75.1284,13.3796],[75.1275,13.365],[75.1177,13.3583],[75.103,13.3572],[75.0896,13.3466],[75.0807,13.3404],[75.0949,13.3157],[75.1059,13.2912],[75.1155,13.2803],[75.1245,13.2834],[75.1344,13.2865],[75.1517,13.2647],[75.1585,13.246],[75.1668,13.2248],[75.1686,13.2083],[75.1688,13.1955],[75.1835,13.1902],[75.1997,13.1741],[75.1909,13.1607],[75.1821,13.1565],[75.178,13.1455],[75.1687,13.1391],[75.1619,13.129],[75.1478,13.1227],[75.1389,13.13],[75.1274,13.128],[75.1245,13.1188],[75.1207,13.1092],[75.1081,13.0963],[75.1023,13.089],[75.0985,13.0767],[75.0894,13.0699],[75.0834,13.0635],[75.0798,13.0499],[75.0684,13.0416],[75.0638,13.0317],[75.0548,13.0249],[75.0478,13.0162],[75.034,13.013],[75.0298,12.9992],[75.0221,12.9921],[75.0145,12.9799],[75.0005,12.983],[74.9902,12.9848],[74.9871,12.9958],[74.9968,12.9997],[74.9994,13.0113],[74.9784,13.0229],[74.9705,13.0121],[74.9584,13.0114],[74.9461,13.0081],[74.9416,13.0005],[74.9289,13.0046],[74.9362,13.0107],[74.9356,13.0275],[74.9245,13.0322],[74.9062,13.0358],[74.9083,13.0236],[74.8972,13.0263],[74.892,13.037],[74.885,13.0438],[74.8899,13.0555],[74.8919,13.0777],[74.8915,13.0915],[74.8774,13.0912],[74.8735,13.1069],[74.8697,13.116],[74.8555,13.1208],[74.8399,13.123],[74.8284,13.1244],[74.816,13.1178],[74.8087,13.1098],[74.7966,13.1122],[74.8004,13.1034],[74.7962,13.0937],[74.7895,13.1006],[74.7785,13.0993],[74.7796,13.0882],[74.771,13.0918],[74.7685,13.1015],[74.7665,13.1118],[74.7643,13.1218],[74.7615,13.1313],[74.7596,13.1421],[74.7574,13.1524],[74.7549,13.1629],[74.7521,13.1724],[74.749,13.1815],[74.7454,13.1901],[74.7432,13.2001],[74.7401,13.2093],[74.7385,13.2201],[74.7354,13.2293],[74.7332,13.2404],[74.7312,13.2515],[74.7288,13.2612],[74.7262,13.2713],[74.7226,13.2801],[74.7199,13.2907],[74.7188,13.3024],[74.7165,13.3126],[74.7138,13.3221],[74.7104,13.3312],[74.7054,13.3385],[74.6979,13.3432],[74.691,13.3485],[74.699,13.3443],[74.7061,13.3393],[74.7115,13.3326],[74.7154,13.3237],[74.7174,13.3135],[74.7199,13.3013],[74.7207,13.289],[74.7237,13.2799],[74.7301,13.2857],[74.7235,13.2918],[74.7229,13.3035],[74.7207,13.3135],[74.7185,13.3238],[74.7146,13.3321],[74.7115,13.3413],[74.7018,13.3446],[74.6982,13.3546],[74.6976,13.3674],[74.696,13.379],[74.6965,13.3929],[74.6971,13.4065],[74.696,13.4185],[74.6946,13.4296],[74.694,13.4461],[74.6926,13.4571],[74.6899,13.4671],[74.6888,13.4788],[74.6876,13.4899],[74.6862,13.5007],[74.6854,13.5135],[74.684,13.5257],[74.6826,13.5365],[74.6813,13.5474],[74.6796,13.5579],[74.6782,13.569],[74.6765,13.5804],[74.6749,13.5915],[74.6729,13.6021],[74.671,13.6126],[74.669,13.6232],[74.6707,13.6337],[74.6663,13.6415],[74.6635,13.6513],[74.6585,13.6585],[74.6529,13.6651],[74.6493,13.6738],[74.6454,13.6821],[74.644,13.6938],[74.6421,13.7057],[74.6404,13.7163],[74.6385,13.7279],[74.6365,13.7382],[74.6349,13.7493],[74.6326,13.7594],[74.6304,13.7701],[74.6288,13.7807],[74.6263,13.7904],[74.6235,13.8001],[74.6212,13.811],[74.619,13.8221],[74.6165,13.8318],[74.6137,13.8413],[74.6113,13.851],[74.6085,13.8604],[74.6135,13.8532],[74.6218,13.8493],[74.6143,13.854],[74.6115,13.8635],[74.6054,13.8696],[74.6007,13.8774],[74.5963,13.8851],[74.5935,13.8951],[74.5915,13.906],[74.5882,13.9149],[74.5843,13.9232],[74.5929,13.927],[74.6015,13.9407],[74.6058,13.9318],[74.6219,13.9393],[74.6354,13.945],[74.6438,13.9375],[74.6548,13.9431],[74.6504,13.9562],[74.6612,13.9728],[74.6711,13.981],[74.6781,13.9723],[74.6888,13.962],[74.7002,13.9533],[74.7042,13.9468]]],[[[74.671,13.1999],[74.6765,13.1929],[74.6701,13.199],[74.671,13.1999]]]]}},{"type":"Feature","properties":{"district":"Uttara Kannada","center":[14.7138,74.588]},"geometry":{"type":"MultiPolygon","coordinates":[[[[74.3276,15.5152],[74.3464,15.5165],[74.3682,15.4919],[74.3814,15.4796],[74.3921,15.4831],[74.4107,15.4723],[74.4263,15.4596],[74.429,15.4143],[74.4322,15.3946],[74.4404,15.3988],[74.4487,15.4027],[74.4587,15.4055],[74.4674,15.4108],[74.4757,15.4006],[74.4853,15.3934],[74.4996,15.3987],[74.5107,15.4025],[74.5396,15.4167],[74.5679,15.4028],[74.5813,15.3893],[74.593,15.3784],[74.6025,15.37],[74.6191,15.3562],[74.6352,15.3652],[74.6427,15.3714],[74.6505,15.3824],[74.6563,15.3923],[74.6962,15.3966],[74.7036,15.4074],[74.7169,15.407],[74.7316,15.4087],[74.7468,15.4089],[74.7583,15.4073],[74.7712,15.4136],[74.7707,15.401],[74.7865,15.3913],[74.7903,15.3824],[74.803,15.3742],[74.825,15.3812],[74.833,15.3722],[74.8258,15.3641],[74.8296,15.348],[74.8385,15.3307],[74.8505,15.3327],[74.8588,15.3378],[74.863,15.3267],[74.8703,15.3185],[74.881,15.3122],[74.8797,15.2978],[74.8932,15.3045],[74.9008,15.2984],[74.9094,15.2723],[74.9124,15.2479],[74.8911,15.2302],[74.8853,15.2186],[74.8767,15.2102],[74.8794,15.1956],[74.8694,15.1827],[74.8536,15.1663],[74.8474,15.1557],[74.839,15.1452],[74.8347,15.1354],[74.8397,15.1252],[74.8481,15.1187],[74.8571,15.1104],[74.8621,15.1008],[74.8733,15.0986],[74.8859,15.0966],[74.8959,15.0935],[74.8845,15.0811],[74.8836,15.0695],[74.8902,15.0591],[74.8936,15.0451],[74.9104,15.0465],[74.9146,15.0347],[74.9236,15.0391],[74.9306,15.0473],[74.9429,15.0489],[74.9436,15.0633],[74.9558,15.0637],[74.9721,15.0673],[74.9834,15.0651],[74.9938,15.0676],[75.0107,15.0665],[75.0229,15.0669],[75.0364,15.0707],[75.0588,15.0778],[75.0653,15.0685],[75.0838,15.0695],[75.0794,15.0545],[75.078,15.0425],[75.0793,15.0257],[75.0721,15.0127],[75.0777,14.9976],[75.0816,14.9709],[75.089,14.9533],[75.1033,14.9519],[75.1029,14.9373],[75.1083,14.9291],[75.0919,14.9224],[75.0816,14.9177],[75.0731,14.9111],[75.076,14.8916],[75.0761,14.8737],[75.0767,14.8612],[75.078,14.8465],[75.0736,14.8375],[75.0777,14.8212],[75.0955,14.8144],[75.0846,14.8027],[75.0704,14.8037],[75.0604,14.8084],[75.0709,14.7936],[75.0735,14.7818],[75.0667,14.7691],[75.0544,14.7666],[75.0478,14.7501],[75.0502,14.7396],[75.0433,14.7323],[75.0345,14.7232],[75.0225,14.7161],[75.0347,14.7035],[75.037,14.6847],[75.0389,14.6741],[75.0367,14.6613],[75.0444,14.6558],[75.0495,14.6482],[75.0528,14.639],[75.045,14.6321],[75.04,14.6233],[75.0331,14.6131],[75.0285,14.5959],[75.0294,14.5776],[75.0266,14.5607],[75.0358,14.5512],[75.0452,14.5424],[75.0586,14.5431],[75.055,14.5284],[75.0414,14.523],[75.0448,14.5125],[75.0449,14.4974],[75.0271,14.4943],[75.0173,14.4916],[75.0105,14.4831],[75.0024,14.4771],[74.9943,14.4724],[74.9899,14.4836],[74.9961,14.492],[74.9891,14.5078],[74.9792,14.5181],[74.9831,14.5321],[74.9815,14.5491],[74.9697,14.5467],[74.9556,14.5355],[74.9465,14.5281],[74.9414,14.5176],[74.9336,14.5255],[74.9167,14.5272],[74.908,14.5135],[74.9006,14.5031],[74.8961,14.4915],[74.8954,14.4761],[74.9088,14.4702],[74.92,14.4664],[74.9242,14.458],[74.913,14.4568],[74.9047,14.461],[74.8901,14.4572],[74.8807,14.4458],[74.8842,14.4336],[74.9167,14.4296],[74.9372,14.4048],[74.9514,14.3995],[74.9554,14.3763],[74.9484,14.3704],[74.944,14.3584],[74.9601,14.3473],[74.9707,14.3381],[74.9783,14.3317],[74.9759,14.3202],[74.9618,14.3204],[74.9528,14.3174],[74.9375,14.3198],[74.9204,14.3096],[74.9142,14.2944],[74.9174,14.275],[74.9296,14.2786],[74.9333,14.2656],[74.943,14.2577],[74.9402,14.246],[74.9322,14.2353],[74.9212,14.2278],[74.9076,14.23],[74.9003,14.2252],[74.885,14.2138],[74.8801,14.2212],[74.8835,14.2328],[74.8767,14.2401],[74.8714,14.2186],[74.8627,14.2126],[74.8523,14.2149],[74.8442,14.224],[74.8302,14.2263],[74.8156,14.2311],[74.7962,14.2295],[74.7862,14.2347],[74.7703,14.235],[74.7651,14.2427],[74.7497,14.2551],[74.7341,14.2637],[74.7256,14.2416],[74.7205,14.2307],[74.7322,14.1752],[74.7526,14.1549],[74.735,14.1515],[74.7229,14.1561],[74.7152,14.1649],[74.7071,14.1711],[74.6943,14.1673],[74.6702,14.1842],[74.6549,14.1696],[74.6304,14.1616],[74.6328,14.1431],[74.6476,14.1408],[74.6504,14.1146],[74.6437,14.0941],[74.6563,14.0781],[74.6616,14.066],[74.6611,14.0491],[74.6694,14.0371],[74.6809,14.0347],[74.6729,14.0099],[74.6696,13.9972],[74.6711,13.981],[74.6612,13.9728],[74.6504,13.9562],[74.6555,13.9469],[74.6477,13.9373],[74.6401,13.9435],[74.6323,13.939],[74.6112,13.938],[74.6015,13.9407],[74.598,13.9315],[74.5861,13.9226],[74.5785,13.9271],[74.5749,13.936],[74.571,13.9443],[74.5604,13.946],[74.5521,13.9499],[74.5462,13.9565],[74.5404,13.9629],[74.5315,13.969],[74.5249,13.9746],[74.5201,13.9824],[74.5143,13.9901],[74.511,13.999],[74.5082,14.009],[74.5043,14.0176],[74.5068,14.0274],[74.5085,14.0379],[74.5049,14.0293],[74.5007,14.0407],[74.499,14.0513],[74.4965,14.0612],[74.494,14.0718],[74.4912,14.0815],[74.4882,14.0907],[74.4874,14.1026],[74.4851,14.1135],[74.4832,14.1243],[74.481,14.1343],[74.4782,14.1438],[74.4768,14.1551],[74.4746,14.1654],[74.4724,14.1754],[74.4701,14.1854],[74.4665,14.1963],[74.4571,14.199],[74.4529,14.2074],[74.4493,14.2165],[74.4435,14.2229],[74.4413,14.2332],[74.4379,14.2421],[74.4351,14.2515],[74.4321,14.2615],[74.4285,14.271],[74.4265,14.2812],[74.4235,14.2907],[74.4207,14.3001],[74.4165,14.3085],[74.4132,14.3174],[74.4129,14.3296],[74.4099,14.3393],[74.4076,14.3526],[74.4049,14.3621],[74.4051,14.374],[74.4024,14.3835],[74.3999,14.394],[74.3971,14.4035],[74.3946,14.4132],[74.3871,14.4185],[74.3843,14.4279],[74.3824,14.4399],[74.3799,14.4496],[74.3763,14.4588],[74.3735,14.4682],[74.3699,14.4768],[74.366,14.4851],[74.3624,14.4937],[74.3585,14.5021],[74.3585,14.5154],[74.3646,14.5215],[74.3707,14.5276],[74.3737,14.5371],[74.3801,14.5313],[74.3865,14.5238],[74.3935,14.5293],[74.3849,14.5329],[74.386,14.544],[74.3785,14.5487],[74.3707,14.5532],[74.3724,14.5638],[74.3776,14.571],[74.3674,14.569],[74.3593,14.5649],[74.3599,14.5532],[74.356,14.5449],[74.3479,14.549],[74.3465,14.5599],[74.341,14.5665],[74.3385,14.5568],[74.3432,14.5493],[74.3499,14.5435],[74.3515,14.5329],[74.356,14.5251],[74.3451,14.5204],[74.3332,14.5179],[74.3218,14.5188],[74.3121,14.5212],[74.3154,14.5304],[74.3104,14.5376],[74.3126,14.5476],[74.309,14.5565],[74.3051,14.5651],[74.3012,14.5735],[74.2979,14.5824],[74.2937,14.5904],[74.2918,14.6018],[74.2846,14.6068],[74.279,14.6138],[74.2757,14.6229],[74.2701,14.6296],[74.2801,14.6268],[74.2843,14.636],[74.2826,14.6468],[74.2799,14.6563],[74.2771,14.6657],[74.2818,14.6732],[74.2793,14.6832],[74.2749,14.691],[74.2707,14.6996],[74.2637,14.7051],[74.2668,14.7143],[74.2613,14.721],[74.2565,14.7287],[74.2501,14.7349],[74.2454,14.7424],[74.2379,14.7471],[74.2276,14.7451],[74.2232,14.7368],[74.2129,14.7346],[74.2038,14.7312],[74.2079,14.7232],[74.1965,14.7243],[74.1935,14.7351],[74.1879,14.7421],[74.1815,14.7479],[74.1726,14.7513],[74.1649,14.7557],[74.1687,14.764],[74.164,14.756],[74.1588,14.749],[74.1524,14.7549],[74.1521,14.7668],[74.1462,14.7732],[74.1404,14.7796],[74.1282,14.7804],[74.1218,14.7746],[74.1196,14.7849],[74.1096,14.7871],[74.1029,14.7926],[74.0965,14.7985],[74.1001,14.8071],[74.1107,14.8054],[74.1201,14.8015],[74.1246,14.8093],[74.1263,14.8199],[74.1248,14.8318],[74.1296,14.8401],[74.1246,14.8474],[74.1165,14.8518],[74.1237,14.8468],[74.1121,14.8476],[74.1113,14.8596],[74.1076,14.8682],[74.1038,14.8768],[74.1001,14.8871],[74.1033,14.9015],[74.1131,14.9112],[74.1265,14.9132],[74.1362,14.9197],[74.1492,14.9185],[74.1634,14.9133],[74.1754,14.9089],[74.166,14.9368],[74.1699,14.9473],[74.1804,14.953],[74.1925,14.945],[74.2042,14.9379],[74.2118,14.9214],[74.2193,14.9314],[74.2247,14.9413],[74.2417,14.9465],[74.2439,14.9575],[74.2566,14.9584],[74.2643,14.9632],[74.271,14.9715],[74.2617,14.9908],[74.2707,14.9949],[74.2764,15.0096],[74.2898,15.0216],[74.2931,15.0337],[74.3023,15.0399],[74.295,15.0543],[74.289,15.0658],[74.2838,15.094],[74.2882,15.1056],[74.2906,15.1166],[74.2897,15.13],[74.2896,15.1431],[74.3014,15.1499],[74.3109,15.162],[74.3181,15.1753],[74.3219,15.1841],[74.3158,15.1963],[74.3116,15.2071],[74.3067,15.219],[74.3021,15.2281],[74.2787,15.2372],[74.2635,15.2419],[74.2593,15.25],[74.2679,15.2584],[74.2728,15.2678],[74.283,15.2813],[74.2955,15.2831],[74.3098,15.2832],[74.3341,15.2829],[74.3417,15.2929],[74.328,15.3133],[74.3233,15.3296],[74.3284,15.3434],[74.3226,15.3573],[74.3286,15.3655],[74.3128,15.3749],[74.3057,15.3805],[74.29,15.3812],[74.2826,15.3886],[74.2845,15.4015],[74.2774,15.4149],[74.2827,15.4333],[74.2799,15.4508],[74.2726,15.4652],[74.2563,15.4895],[74.2608,15.5008],[74.2681,15.5059],[74.2819,15.513],[74.2916,15.5228],[74.3276,15.5152]]],[[[74.3651,14.5526],[74.3749,14.5501],[74.3712,14.5415],[74.3637,14.5465],[74.3651,14.5526]]]]}},{"type":"Feature","properties":{"district":"Vijayapura","center":[16.8428,75.9338]},"geometry":{"type":"MultiPolygon","coordinates":[[[[75.6972,17.4106],[75.7081,17.4083],[75.7224,17.4118],[75.729,17.4195],[75.7505,17.4129],[75.7588,17.4084],[75.7698,17.4068],[75.7766,17.3882],[75.7823,17.3788],[75.791,17.373],[75.8023,17.3701],[75.8151,17.3738],[75.8177,17.388],[75.8173,17.4012],[75.822,17.4197],[75.8389,17.4205],[75.8479,17.4153],[75.856,17.4077],[75.8591,17.389],[75.8767,17.397],[75.8771,17.4114],[75.8824,17.419],[75.8903,17.4136],[75.8964,17.395],[75.897,17.377],[75.892,17.3608],[75.8981,17.3508],[75.9107,17.3458],[75.9162,17.339],[75.9312,17.3241],[75.9598,17.3338],[75.9715,17.3365],[76.0003,17.3377],[76.0091,17.3475],[76.0213,17.3493],[76.0367,17.349],[76.0545,17.3543],[76.0735,17.3323],[76.0704,17.3208],[76.0666,17.3075],[76.0757,17.3015],[76.0901,17.2953],[76.0973,17.2894],[76.0878,17.2648],[76.0903,17.2542],[76.114,17.2484],[76.1247,17.2429],[76.1424,17.2287],[76.1607,17.2142],[76.1712,17.202],[76.1775,17.1908],[76.1881,17.1839],[76.2055,17.181],[76.2194,17.1821],[76.2234,17.1723],[76.2328,17.1627],[76.2404,17.1501],[76.2546,17.1449],[76.2639,17.1531],[76.2699,17.1593],[76.282,17.1632],[76.3029,17.1654],[76.3229,17.1658],[76.346,17.1784],[76.3544,17.1831],[76.3653,17.1736],[76.3676,17.1623],[76.3587,17.1432],[76.3658,17.1349],[76.386,17.14],[76.3921,17.1309],[76.3853,17.1253],[76.369,17.119],[76.3624,17.1107],[76.3765,17.1007],[76.3874,17.0891],[76.3859,17.0718],[76.3975,17.0693],[76.4029,17.0769],[76.4089,17.0834],[76.4198,17.0915],[76.4286,17.097],[76.4281,17.0761],[76.4285,17.0639],[76.4289,17.0519],[76.4289,17.0263],[76.437,17.0043],[76.4341,16.9778],[76.4186,16.9745],[76.4033,16.974],[76.4,16.9322],[76.4179,16.9239],[76.4355,16.939],[76.4516,16.9232],[76.4644,16.9002],[76.434,16.8953],[76.4331,16.8785],[76.4368,16.8647],[76.4579,16.8632],[76.4625,16.8462],[76.4688,16.8367],[76.4606,16.8304],[76.4299,16.835],[76.4162,16.847],[76.4041,16.8514],[76.3873,16.8527],[76.3737,16.8561],[76.3641,16.8423],[76.3571,16.8355],[76.3537,16.8162],[76.4127,16.8101],[76.4103,16.795],[76.3989,16.7986],[76.3857,16.7969],[76.3718,16.776],[76.3708,16.7648],[76.411,16.7644],[76.4341,16.7602],[76.4423,16.7536],[76.4395,16.7389],[76.4286,16.7333],[76.4223,16.7234],[76.4192,16.7127],[76.4344,16.7108],[76.446,16.7189],[76.4572,16.7139],[76.4604,16.7043],[76.4504,16.7087],[76.437,16.704],[76.4325,16.6961],[76.4246,16.6817],[76.4187,16.6709],[76.4078,16.6555],[76.4037,16.645],[76.4044,16.6267],[76.4089,16.6152],[76.4137,16.603],[76.4128,16.5869],[76.4202,16.5742],[76.4224,16.5597],[76.4229,16.5472],[76.4344,16.5083],[76.4301,16.4969],[76.4313,16.4489],[76.4358,16.4319],[76.4028,16.4289],[76.3901,16.4319],[76.3826,16.4193],[76.3535,16.4169],[76.342,16.422],[76.3336,16.4124],[76.3366,16.3954],[76.3327,16.3866],[76.3193,16.392],[76.3051,16.3734],[76.31,16.3568],[76.3148,16.3418],[76.3047,16.3363],[76.2943,16.331],[76.2969,16.3145],[76.3004,16.3038],[76.301,16.2803],[76.3208,16.282],[76.3401,16.2752],[76.3471,16.2625],[76.3447,16.2429],[76.3508,16.2362],[76.3529,16.2227],[76.3453,16.2079],[76.3311,16.1907],[76.3208,16.1855],[76.3068,16.1816],[76.2971,16.1791],[76.2901,16.1589],[76.2841,16.1488],[76.2717,16.148],[76.2569,16.1555],[76.2486,16.1594],[76.1922,16.1743],[76.1691,16.1808],[76.1538,16.18],[76.1407,16.1774],[76.1198,16.1868],[76.1089,16.1896],[76.0864,16.2004],[76.0706,16.2029],[76.0612,16.211],[76.0594,16.2229],[76.068,16.2384],[76.0664,16.2559],[76.0566,16.2676],[76.0373,16.2812],[76.03,16.293],[76.0227,16.2979],[75.9999,16.2987],[75.989,16.2954],[75.9673,16.2945],[75.9494,16.3005],[75.9345,16.311],[75.9174,16.316],[75.9072,16.3184],[75.8914,16.3235],[75.8742,16.3406],[75.8523,16.344],[75.8386,16.3484],[75.8263,16.357],[75.8176,16.3621],[75.807,16.3661],[75.7947,16.3684],[75.7829,16.3774],[75.747,16.3845],[75.7348,16.3858],[75.7174,16.3919],[75.7095,16.3985],[75.689,16.4115],[75.6798,16.42],[75.6535,16.4315],[75.6446,16.4378],[75.6268,16.4419],[75.6113,16.4438],[75.5935,16.4355],[75.5868,16.4272],[75.5814,16.4179],[75.5731,16.4074],[75.5635,16.4116],[75.5583,16.4198],[75.5534,16.4407],[75.5544,16.4538],[75.5476,16.4604],[75.5233,16.4592],[75.5006,16.4494],[75.5022,16.4309],[75.495,16.4173],[75.4797,16.413],[75.4687,16.4146],[75.4606,16.4095],[75.4366,16.4267],[75.4413,16.4411],[75.4532,16.4533],[75.462,16.4645],[75.4581,16.5035],[75.4778,16.5065],[75.4868,16.5169],[75.4927,16.5236],[75.49,16.5332],[75.4904,16.5471],[75.4857,16.5553],[75.4759,16.5584],[75.4862,16.5678],[75.4941,16.5836],[75.4919,16.5978],[75.4852,16.6042],[75.4681,16.6136],[75.4627,16.6307],[75.4585,16.6484],[75.4575,16.6611],[75.4439,16.6836],[75.4412,16.695],[75.4526,16.6962],[75.4862,16.6914],[75.4949,16.7049],[75.4941,16.7265],[75.4958,16.7377],[75.48,16.7453],[75.466,16.7533],[75.4496,16.7534],[75.4409,16.7577],[75.4297,16.7649],[75.4014,16.7597],[75.3856,16.7777],[75.3817,16.7962],[75.3829,16.8084],[75.382,16.8225],[75.3873,16.8382],[75.3968,16.8588],[75.3763,16.8617],[75.3591,16.8658],[75.337,16.8664],[75.3363,16.9127],[75.3395,16.9241],[75.3454,16.9445],[75.3596,16.9569],[75.3717,16.9687],[75.3948,16.9764],[75.4168,16.9695],[75.431,16.9635],[75.4389,16.9709],[75.4438,16.9795],[75.4535,16.9827],[75.4679,16.9853],[75.4825,16.976],[75.4897,16.9654],[75.4926,16.9515],[75.5019,16.9454],[75.517,16.9519],[75.5241,16.9587],[75.53,16.9658],[75.5428,16.9631],[75.5585,16.9643],[75.5703,16.9636],[75.5693,16.9989],[75.5758,17.0078],[75.5994,17.0052],[75.6095,17.0031],[75.6107,16.9696],[75.621,16.9678],[75.6363,16.9658],[75.645,16.951],[75.6556,16.9561],[75.6714,16.9585],[75.6784,16.9639],[75.6726,16.9741],[75.6687,16.9832],[75.6705,16.9988],[75.6731,17.0262],[75.6622,17.0324],[75.6482,17.0327],[75.6479,17.0466],[75.6544,17.0551],[75.6627,17.0618],[75.6784,17.0629],[75.6801,17.0783],[75.6774,17.0877],[75.6755,17.1011],[75.6741,17.1136],[75.6536,17.1131],[75.6527,17.1327],[75.6427,17.1476],[75.6314,17.1601],[75.628,17.1701],[75.6302,17.1814],[75.6426,17.1882],[75.6574,17.2038],[75.6639,17.2138],[75.6628,17.2279],[75.6609,17.24],[75.6599,17.2614],[75.6323,17.2722],[75.6279,17.2881],[75.606,17.3033],[75.6137,17.3194],[75.6131,17.3423],[75.5981,17.3451],[75.5899,17.3497],[75.5785,17.3829],[75.5982,17.3861],[75.6106,17.392],[75.6167,17.3986],[75.615,17.4096],[75.6101,17.4195],[75.6187,17.4391],[75.6253,17.4581],[75.6329,17.4696],[75.6496,17.4734],[75.6562,17.4675],[75.6623,17.4597],[75.6776,17.458],[75.6808,17.4362],[75.6871,17.4173],[75.6972,17.4106]]]]}}]}